"File","Line","Type","Src","Alt","Title","Caption","Missing"
"C:\Users\san-20250514\aisunzibingfa\content\about\index.md","front-matter","Cover","https://img.aisunzibingfa.com/pages/about.jpg","关于 AI孙子兵法","","关于 AI孙子兵法",""
"C:\Users\san-20250514\aisunzibingfa\content\blueprint\index.md","front-matter","Cover","https://img.aisunzibingfa.com/pages/blueprint.jpg","企业蓝图","","AI孙子兵法企业蓝图",""
"C:\Users\san-20250514\aisunzibingfa\content\brand-story\index.md","front-matter","Cover","https://img.aisunzibingfa.com/pages/brand-story.jpg","AI孙子兵法品牌故事","","AI孙子兵法品牌故事",""
"C:\Users\san-20250514\aisunzibingfa\content\contact\index.md","front-matter","Cover","https://img.aisunzibingfa.com/pages/contact.jpg","联系我们","","联系我们",""
"C:\Users\san-20250514\aisunzibingfa\content\exam\index.md","front-matter","Cover","https://img.aisunzibingfa.com/pages/exam.jpg","AI孙子兵法考试局","","AI孙子兵法考试局",""
"C:\Users\san-20250514\aisunzibingfa\content\founders\_index.md","front-matter","Cover","https://img.aisunzibingfa.com/placeholder/founders.jpg","朋友创业圈","","朋友创业圈",""
"C:\Users\san-20250514\aisunzibingfa\content\founders\ai-sunzi-bingfa-steven-tang-how-education-innovation\index.md","30","Markdown","https://img.aisunzibingfa.com/founders/ai-sunzi-bingfa-steven-tang-how-education-innovation.jpg","吴雄山与唐锡豪于吉隆坡畅谈AI孙子兵法与教育革新合影","吴雄山与唐锡豪于吉隆坡畅谈AI孙子兵法与教育革新合影","",""
"C:\Users\san-20250514\aisunzibingfa\content\founders\ai-sunzi-bingfa-steven-tang-how-education-innovation\index.md","front-matter","Cover","https://img.aisunzibingfa.com/founders/ai-sunzi-bingfa-steven-tang-how-education-innovation.jpg","吴雄山与唐锡豪于吉隆坡畅谈AI孙子兵法与教育革新合影","","AI孙子兵法创始人吴雄山与马来西亚孙子兵法策略哲理学会财政唐锡豪蛇年新春首晤",""
"C:\Users\san-20250514\aisunzibingfa\content\founders\andrew-chong-ai-sun-tzu-youth-strategy-program\index.md","31","Markdown","https://img.aisunzibingfa.com/founders/andrew-chong-ai-sun-tzu-youth-strategy-program.jpg","封面","封面","",""
"C:\Users\san-20250514\aisunzibingfa\content\founders\andrew-chong-ai-sun-tzu-youth-strategy-program\index.md","front-matter","Cover","https://img.aisunzibingfa.com/founders/andrew-chong-ai-sun-tzu-youth-strategy-program.jpg","孙子兵法与青年未来计划新闻发布会现场","","张健权老师主持《孙子兵法与青年未来》计划新闻发布会",""
"C:\Users\san-20250514\aisunzibingfa\content\founders\green-hope-community-ricky-wong-csr-brand-angel\index.md","31","Markdown","https://img.aisunzibingfa.com/founders/green-hope-community-ricky-wong-csr-brand-angel.jpg","CSR天使公益社创办人黄振聪与AI孙子兵法创办人吴雄山探讨雪隆20区绿色希望社区教育公益计划","CSR天使公益社创办人黄振聪与AI孙子兵法创办人吴雄山探讨雪隆20区绿色希望社区教育公益计划","",""
"C:\Users\san-20250514\aisunzibingfa\content\founders\green-hope-community-ricky-wong-csr-brand-angel\index.md","front-matter","Cover","https://img.aisunzibingfa.com/founders/green-hope-community-ricky-wong-csr-brand-angel.jpg","CSR天使公益社创办人黄振聪与AI孙子兵法创办人吴雄山","","黄振聪与吴雄山探讨雪隆20区绿色希望社区教育公益计划",""
"C:\Users\san-20250514\aisunzibingfa\content\founders\human-nature-good-or-evil-philosophy-psychology\index.md","31","Markdown","https://img.aisunzibingfa.com/founders/human-nature-good-or-evil-philosophy-psychology.jpg","关于「人之初性本善还是性本恶」的哲学与心理学维度思考","关于「人之初性本善还是性本恶」的哲学与心理学维度思考","",""
"C:\Users\san-20250514\aisunzibingfa\content\founders\human-nature-good-or-evil-philosophy-psychology\index.md","front-matter","Cover","https://img.aisunzibingfa.com/founders/human-nature-good-or-evil-philosophy-psychology.jpg","人之初性本善还是性本恶哲学思考与心理学分析","","关于「人之初性本善还是性本恶」的哲学与心理学维度思考",""
"C:\Users\san-20250514\aisunzibingfa\content\founders\k-phonics-education-innovation-founder-charmaine-ong\index.md","31","Markdown","https://img.aisunzibingfa.com/founders/k-phonics-education-innovation-founder-charmaine-ong.jpg","封面","封面","",""
"C:\Users\san-20250514\aisunzibingfa\content\founders\k-phonics-education-innovation-founder-charmaine-ong\index.md","front-matter","Cover","https://img.aisunzibingfa.com/founders/k-phonics-education-innovation-founder-charmaine-ong.jpg","AI孙子兵法创办人吴雄山与教育权威翁名颐硕士","","吴雄山与翁名颐老师会面，共探教育创新",""
"C:\Users\san-20250514\aisunzibingfa\content\founders\manja-foods-supply-founder-jac-ho\index.md","31","Markdown","https://img.aisunzibingfa.com/founders/manja-foods-supply-founder-jac-ho.jpg","封面","封面","",""
"C:\Users\san-20250514\aisunzibingfa\content\founders\manja-foods-supply-founder-jac-ho\index.md","81","Markdown","https://www.manjafoods.com/cdn/shop/files/photo6105069173022502940.jpg","Manja Foods Supply Logo","Manja Foods Supply Logo","",""
"C:\Users\san-20250514\aisunzibingfa\content\founders\manja-foods-supply-founder-jac-ho\index.md","front-matter","Cover","https://img.aisunzibingfa.com/founders/manja-foods-supply-founder-jac-ho.jpg","AI孙子兵法网站创办人吴雄山与MANJA FOODS SUPPLY创办人JAC何建杰","","吴雄山拜访 MANJA FOODS SUPPLY 创办人 JAC 何建杰",""
"C:\Users\san-20250514\aisunzibingfa\content\privacy\index.md","front-matter","Cover","https://img.aisunzibingfa.com/pages/privacy.jpg","AI孙子兵法隐私政策","","AI孙子兵法隐私政策",""
"C:\Users\san-20250514\aisunzibingfa\content\quotes\_index.md","front-matter","Cover","placeholder/quotes.jpg","经典语录","","AI孙子兵法·经典语录",""
"C:\Users\san-20250514\aisunzibingfa\content\quotes\chapter-01-shi-ji\_index.md","front-matter","Cover","placeholder/quotes.jpg","始计篇","","始计篇",""
"C:\Users\san-20250514\aisunzibingfa\content\quotes\chapter-01-shi-ji\bing-zhe-gui-dao-ye\index.md","front-matter","Cover","https://pub-f9d6c3356fb44ce0b1e0f09cb4ddf49a.r2.dev/quotes/chapter-01-shi-ji/bing-zhe-gui-dao-ye.jpg","足球运动员罚点球瞬间，守门员扑向错误方向的战术欺骗场景","","罚点球是「诡道」最直观的体现：射手用节奏与方向的假象，让守门员在最后一刻做出错误判断。",""
"C:\Users\san-20250514\aisunzibingfa\content\quotes\chapter-01-shi-ji\bing-zhe-guo-zhi-da-shi-si-sheng-zhi-di\index.md","front-matter","Cover","https://pub-f9d6c3356fb44ce0b1e0f09cb4ddf49a.r2.dev/quotes/chapter-01-shi-ji/bing-zhe-guo-zhi-da-shi-si-sheng-zhi-di.jpg","短道速滑选手在赛前进行战略评估与战术部署","","重大比赛前的战略评估深度，直接决定战术方案的针对性与临场调整空间。",""
"C:\Users\san-20250514\aisunzibingfa\content\quotes\chapter-01-shi-ji\ci-bing-jia-zhi-sheng-bu-ke-xian-chuan-ye\index.md","front-matter","Cover","https://pub-f9d6c3356fb44ce0b1e0f09cb4ddf49a.r2.dev/quotes/chapter-01-shi-ji/ci-bing-jia-zhi-sheng-bu-ke-xian-chuan-ye.jpg","短道速滑选手在弯道处进行战术超越","","短道速滑的胜负常在弯道一瞬的临场判断中决定，而非赛前写定的剧本。",""
"C:\Users\san-20250514\aisunzibingfa\content\quotes\chapter-01-shi-ji\dao-zhe-ling-min-yu-shang-tong-yi-ye\index.md","front-matter","Cover","https://pub-f9d6c3356fb44ce0b1e0f09cb4ddf49a.r2.dev/quotes/chapter-01-shi-ji/dao-zhe-ling-min-yu-shang-tong-yi-ye.jpg","短道速滑运动员在赛道上与教练组目标一致的团队协作场景","","目标一致是战术执行的战略根基，图为短道速滑团队配合瞬间",""
"C:\Users\san-20250514\aisunzibingfa\content\quotes\chapter-01-shi-ji\di-zhe-yuan-jin-xian-yi-guang-xia-si-sheng-ye\index.md","front-matter","Cover","https://pub-f9d6c3356fb44ce0b1e0f09cb4ddf49a.r2.dev/quotes/chapter-01-shi-ji/di-zhe-yuan-jin-xian-yi-guang-xia-si-sheng-ye.jpg","短道速滑选手在弯道处贴冰弧线，展现赛场地形资源约束下的奇正决策","","赛场地形四维：远近定体能分配，险易定技术选择，广狭定空间调度，死生定风险底线。",""
"C:\Users\san-20250514\aisunzibingfa\content\quotes\chapter-01-shi-ji\duo-suan-sheng-shao-suan-bu-sheng\index.md","front-matter","Cover","https://pub-f9d6c3356fb44ce0b1e0f09cb4ddf49a.r2.dev/quotes/chapter-01-shi-ji/duo-suan-sheng-shao-suan-bu-sheng.jpg","短道速滑选手在赛前研究对手录像与赛道数据","","赛前的情报整理与战术推演，是「多算」的核心动作。",""
"C:\Users\san-20250514\aisunzibingfa\content\quotes\chapter-01-shi-ji\fa-zhe-qu-zhi-guan-dao-zhu-yong-ye\index.md","front-matter","Cover","https://pub-f9d6c3356fb44ce0b1e0f09cb4ddf49a.r2.dev/quotes/chapter-01-shi-ji/fa-zhe-qu-zhi-guan-dao-zhu-yong-ye.jpg","短道速滑运动员在弯道处列队滑行，体现团队组织与资源约束","","短道速滑的队形与战术执行依赖严密的组织编制与职责分工",""
"C:\Users\san-20250514\aisunzibingfa\content\quotes\chapter-01-shi-ji\fan-ci-wu-zhe-jiang-mo-bu-wen\index.md","front-matter","Cover","https://pub-f9d6c3356fb44ce0b1e0f09cb4ddf49a.r2.dev/quotes/chapter-01-shi-ji/fan-ci-wu-zhe-jiang-mo-bu-wen.jpg","短道速滑选手在弯道处观察对手位置并调整滑行路线","","战略认知的差距，往往在弯道与最后一圈才显现。",""
"C:\Users\san-20250514\aisunzibingfa\content\quotes\chapter-01-shi-ji\fu-wei-zhan-er-miao-suan-sheng-zhe\index.md","front-matter","Cover","https://pub-f9d6c3356fb44ce0b1e0f09cb4ddf49a.r2.dev/quotes/chapter-01-shi-ji/fu-wei-zhan-er-miao-suan-sheng-zhe.jpg","运动员在赛前研究战术板与对手资料，象征庙算与赛前准备","","赛前的每一次推演，都是把胜负条件提前算清的过程。",""
"C:\Users\san-20250514\aisunzibingfa\content\quotes\chapter-01-shi-ji\gong-qi-wu-bei-chu-qi-bu-yi\index.md","front-matter","Cover","https://pub-f9d6c3356fb44ce0b1e0f09cb4ddf49a.r2.dev/quotes/chapter-01-shi-ji/gong-qi-wu-bei-chu-qi-bu-yi.jpg","足球运动员在定位球瞬间快速开球的战术场景","","在对手防守站位未稳时发动快速攻击，是孙子兵法奇袭思想在体育中的经典体现。",""
"C:\Users\san-20250514\aisunzibingfa\content\quotes\chapter-01-shi-ji\gu-jing-zhi-yi-wu-shi-xiao-zhi-yi-ji\index.md","front-matter","Cover","https://pub-f9d6c3356fb44ce0b1e0f09cb4ddf49a.r2.dev/quotes/chapter-01-shi-ji/gu-jing-zhi-yi-wu-shi-xiao-zhi-yi-ji.jpg","奥运短道速滑选手在赛前进行战术部署与评分分析","","以「道天地将法」五维统摄赛前准备，把直觉判断转化为可比较的评分体系。",""
"C:\Users\san-20250514\aisunzibingfa\content\quotes\chapter-01-shi-ji\gu-neng-er-shi-zhi-bu-neng\index.md","front-matter","Cover","https://pub-f9d6c3356fb44ce0b1e0f09cb4ddf49a.r2.dev/quotes/chapter-01-shi-ji/gu-neng-er-shi-zhi-bu-neng.jpg","足球边锋在边路带球，用身体朝向伪装突破方向","","足球边锋以身体朝向与步频变化隐藏真实突破意图，体现《孙子兵法》「能而示之不能」的战术智慧。",""
"C:\Users\san-20250514\aisunzibingfa\content\quotes\chapter-01-shi-ji\gu-xiao-zhi-yi-ji-er-suo-qi-qing\index.md","front-matter","Cover","https://pub-f9d6c3356fb44ce0b1e0f09cb4ddf49a.r2.dev/quotes/chapter-01-shi-ji/gu-xiao-zhi-yi-ji-er-suo-qi-qing.jpg","短道速滑选手在冰面弯道处并排竞速，体现赛前七计对比的竞技场景","","七计对比法把赛前判断从感觉变成可打分的清单，帮助教练组锁定最弱一环。",""
"C:\Users\san-20250514\aisunzibingfa\content\quotes\chapter-01-shi-ji\ji-li-yi-ting-nai-wei-zhi-shi\index.md","front-matter","Cover","https://pub-f9d6c3356fb44ce0b1e0f09cb4ddf49a.r2.dev/quotes/chapter-01-shi-ji/ji-li-yi-ting-nai-wei-zhi-shi.jpg","短道速滑运动员在模拟对抗训练中执行战术造势","","战术被接受后，模拟对抗是造势的关键环节",""
"C:\Users\san-20250514\aisunzibingfa\content\quotes\chapter-01-shi-ji\jiang-ting-wu-ji-yong-zhi-bi-sheng\index.md","front-matter","Cover","https://pub-f9d6c3356fb44ce0b1e0f09cb4ddf49a.r2.dev/quotes/chapter-01-shi-ji/jiang-ting-wu-ji-yong-zhi-bi-sheng.jpg","短道速滑接力赛中队员交接瞬间的战术配合","","短道速滑接力赛中，每一次交接都依赖队员对战术的绝对执行。",""
"C:\Users\san-20250514\aisunzibingfa\content\quotes\chapter-01-shi-ji\jiang-zhe-zhi-xin-ren-yong-yan-ye\index.md","front-matter","Cover","https://pub-f9d6c3356fb44ce0b1e0f09cb4ddf49a.r2.dev/quotes/chapter-01-shi-ji/jiang-zhe-zhi-xin-ren-yong-yan-ye.jpg","古代兵书与奥运赛场竞技运动员的对照插图","","智、信、仁、勇、严——从兵法到赛场的五项素质映射",""
"C:\Users\san-20250514\aisunzibingfa\content\quotes\chapter-01-shi-ji\li-er-you-zhi-luan-er-qu-zhi\index.md","front-matter","Cover","https://pub-f9d6c3356fb44ce0b1e0f09cb4ddf49a.r2.dev/quotes/chapter-01-shi-ji/li-er-you-zhi-luan-er-qu-zhi.jpg","短道速滑选手在弯道处进行战术卡位与速度博弈","","短道速滑弯道卡位是「利而诱之，乱而取之」的典型战术场景",""
"C:\Users\san-20250514\aisunzibingfa\content\quotes\chapter-01-shi-ji\shi-zhe-yin-li-er-zhi-quan-ye\index.md","front-matter","Cover","https://pub-f9d6c3356fb44ce0b1e0f09cb4ddf49a.r2.dev/quotes/chapter-01-shi-ji/shi-zhe-yin-li-er-zhi-quan-ye.jpg","短道速滑选手在弯道依据有利位置调整滑行路线的临场权变瞬间","","短道速滑弯道中，选手依据对手位置与自身节奏即时选择内道超越或外道蓄力，体现「因利而制权」。",""
"C:\Users\san-20250514\aisunzibingfa\content\quotes\chapter-01-shi-ji\tian-zhe-yin-yang-han-shu-shi-zhi-ye\index.md","front-matter","Cover","https://pub-f9d6c3356fb44ce0b1e0f09cb4ddf49a.r2.dev/quotes/chapter-01-shi-ji/tian-zhe-yin-yang-han-shu-shi-zhi-ye.jpg","运动员在高温高湿环境下进行长距离耐力比赛","","气候条件构成体育竞技中不可谈判的资源约束，配速策略必须随之调整。",""
"C:\Users\san-20250514\aisunzibingfa\content\quotes\chapter-02-zuo-zhan\_index.md","front-matter","Cover","placeholder/quotes.jpg","作战篇","","作战篇",""
"C:\Users\san-20250514\aisunzibingfa\content\quotes\chapter-02-zuo-zhan\fan-yong-bing-zhi-fa-chi-che-qian-si\index.md","front-matter","Cover","https://pub-f9d6c3356fb44ce0b1e0f09cb4ddf49a.r2.dev/quotes/chapter-02-zuo-zhan/fan-yong-bing-zhi-fa-chi-che-qian-si.jpg","短道速滑运动员在冰面训练，场边摆放着备用冰刀与恢复设备","","《孙子兵法·作战篇》以战车、甲士与千里粮道说明：资源盘点先于行动展开。",""
"C:\Users\san-20250514\aisunzibingfa\content\quotes\chapter-02-zuo-zhan\fu-bing-jiu-er-guo-li-zhe-wei-zhi-you-ye\index.md","front-matter","Cover","https://pub-f9d6c3356fb44ce0b1e0f09cb4ddf49a.r2.dev/quotes/chapter-02-zuo-zhan/fu-bing-jiu-er-guo-li-zhe-wei-zhi-you-ye.jpg","短道速滑运动员在连续赛程后于场边进行恢复拉伸的场景","","长期疲劳不会立刻反映在成绩上，却会先侵蚀反应速度与决策质量。",""
"C:\Users\san-20250514\aisunzibingfa\content\quotes\chapter-02-zuo-zhan\fu-dun-bing-cuo-rui-qu-li-dan-huo\index.md","front-matter","Cover","https://pub-f9d6c3356fb44ce0b1e0f09cb4ddf49a.r2.dev/quotes/chapter-02-zuo-zhan/fu-dun-bing-cuo-rui-qu-li-dan-huo.jpg","短道速滑运动员在赛季中段体能透支的竞技场景","","赛季中段过度消耗主力，如同钝兵挫锐，关键比赛将失去竞争力。",""
"C:\Users\san-20250514\aisunzibingfa\content\quotes\chapter-02-zuo-zhan\gu-bing-gui-sheng-bu-gui-jiu\index.md","front-matter","Cover","https://pub-f9d6c3356fb44ce0b1e0f09cb4ddf49a.r2.dev/quotes/chapter-02-zuo-zhan/gu-bing-gui-sheng-bu-gui-jiu.jpg","羽毛球运动员在比赛中快速下压进攻，体现速胜策略","","资源有限时，速胜策略比持久消耗更符合竞技理性。",""
"C:\Users\san-20250514\aisunzibingfa\content\quotes\chapter-02-zuo-zhan\gu-bing-wen-zhuo-su-wei-du-qiao-zhi-jiu\index.md","front-matter","Cover","https://pub-f9d6c3356fb44ce0b1e0f09cb4ddf49a.r2.dev/quotes/chapter-02-zuo-zhan/gu-bing-wen-zhuo-su-wei-du-qiao-zhi-jiu.jpg","业余羽毛球选手在首局快速抢攻，体现资源约束下的速战速决","","资源有限时，首局速胜比拖到第三局更符合「拙速」原则",""
"C:\Users\san-20250514\aisunzibingfa\content\quotes\chapter-02-zuo-zhan\gu-bu-jin-zhi-yong-bing-zhi-hai-zhe\index.md","front-matter","Cover","https://pub-f9d6c3356fb44ce0b1e0f09cb4ddf49a.r2.dev/quotes/chapter-02-zuo-zhan/gu-bu-jin-zhi-yong-bing-zhi-hai-zhe.jpg","运动员在田径赛道上合理分配体能","","了解体能透支的后果，才能掌握体能分配的红利",""
"C:\Users\san-20250514\aisunzibingfa\content\quotes\chapter-02-zuo-zhan\gu-che-zhan-de-che-shi-cheng-yi-shang\index.md","front-matter","Cover","https://pub-f9d6c3356fb44ce0b1e0f09cb4ddf49a.r2.dev/quotes/chapter-02-zuo-zhan/gu-che-zhan-de-che-shi-cheng-yi-shang.jpg","篮球比赛中球员制造对手进攻犯规后获得球权","","从《孙子兵法·作战篇》看体育竞技中的资源转化与即时奖励",""
"C:\Users\san-20250514\aisunzibingfa\content\quotes\chapter-02-zuo-zhan\gu-sha-di-zhe-nu-ye-qu-di-zhi-li-zhe\index.md","front-matter","Cover","https://pub-f9d6c3356fb44ce0b1e0f09cb4ddf49a.r2.dev/quotes/chapter-02-zuo-zhan/gu-sha-di-zhe-nu-ye-qu-di-zhi-li-zhe.jpg","短道速滑运动员在弯道加速，体现资源约束下的情绪与奖赏激励","","情绪与奖赏是竞技备战中两种可调动的有限资源",""
"C:\Users\san-20250514\aisunzibingfa\content\quotes\chapter-02-zuo-zhan\gu-zhi-bing-zhi-jiang-sheng-min-zhi-si-ming\index.md","front-matter","Cover","https://pub-f9d6c3356fb44ce0b1e0f09cb4ddf49a.r2.dev/quotes/chapter-02-zuo-zhan/gu-zhi-bing-zhi-jiang-sheng-min-zhi-si-ming.jpg","主教练在场边观察球员体能状态并准备轮换","","资源约束维度下，主教练的轮换决定直接影响球队关键战力。",""
"C:\Users\san-20250514\aisunzibingfa\content\quotes\chapter-02-zuo-zhan\gu-zhi-jiang-wu-shi-yu-di\index.md","front-matter","Cover","https://pub-f9d6c3356fb44ce0b1e0f09cb4ddf49a.r2.dev/quotes/chapter-02-zuo-zhan/gu-zhi-jiang-wu-shi-yu-di.jpg","短道速滑运动员在冰面上利用对手位置反馈调整滑行路线","","资源约束维度下，赛场即时反馈与对手信息是最值得优先使用的「就地资源」。",""
"C:\Users\san-20250514\aisunzibingfa\content\quotes\chapter-02-zuo-zhan\guo-zhi-pin-yu-shi-zhe-yuan-shu\index.md","front-matter","Cover","https://pub-f9d6c3356fb44ce0b1e0f09cb4ddf49a.r2.dev/quotes/chapter-02-zuo-zhan/guo-zhi-pin-yu-shi-zhe-yuan-shu.jpg","运动员在远途参赛途中整理装备与预算清单","","远途参赛的交通住宿成本会直接挤占训练与恢复资源，需要提前核算与排序。",""
"C:\Users\san-20250514\aisunzibingfa\content\quotes\chapter-02-zuo-zhan\li-qu-cai-dan-zhong-yuan-nei-xu-yu-jia\index.md","front-matter","Cover","https://pub-f9d6c3356fb44ce0b1e0f09cb4ddf49a.r2.dev/quotes/chapter-02-zuo-zhan/li-qu-cai-dan-zhong-yuan-nei-xu-yu-jia.jpg","运动员在训练场上检查磨损的器材与记录训练负荷","","高强度训练同时消耗身体、器材与财力，资源约束决定可持续竞技能力。",""
"C:\Users\san-20250514\aisunzibingfa\content\quotes\chapter-02-zuo-zhan\qi-yong-zhan-ye-sheng-jiu-ze-dun-bing\index.md","front-matter","Cover","https://pub-f9d6c3356fb44ce0b1e0f09cb4ddf49a.r2.dev/quotes/chapter-02-zuo-zhan/qi-yong-zhan-ye-sheng-jiu-ze-dun-bing.jpg","运动员在田径赛道上进行长距离比赛，体现资源约束下的体能分配","","《孙子兵法·作战篇》揭示的资源约束规律在长距离竞技项目中同样适用：前期过度消耗必然导致后程乏力。",""
"C:\Users\san-20250514\aisunzibingfa\content\quotes\chapter-02-zuo-zhan\shan-yong-bing-zhe-yi-bu-zai-ji\index.md","front-matter","Cover","https://pub-f9d6c3356fb44ce0b1e0f09cb4ddf49a.r2.dev/quotes/chapter-02-zuo-zhan/shan-yong-bing-zhe-yi-bu-zai-ji.jpg","篮球比赛中球员制造对手犯规并执行罚球，体现资源约束下的竞技策略","","资源约束维度：以最小消耗获取最大战果，将对手资源转化为己方优势。",""
"C:\Users\san-20250514\aisunzibingfa\content\quotes\chapter-02-zuo-zhan\ze-nei-wai-zhi-fei-bin-ke-zhi-yong\index.md","front-matter","Cover","https://pub-f9d6c3356fb44ce0b1e0f09cb4ddf49a.r2.dev/quotes/chapter-02-zuo-zhan/ze-nei-wai-zhi-fei-bin-ke-zhi-yong.jpg","短道速滑运动员在冰面上训练，背景是装备与后勤物资","","则内外之费：装备、后勤与情报的每日消耗，决定十万之师能否举矣。",""
"C:\Users\san-20250514\aisunzibingfa\content\quotes\chapter-03-mou-gong\_index.md","front-matter","Cover","placeholder/quotes.jpg","谋攻篇","","谋攻篇",""
"C:\Users\san-20250514\aisunzibingfa\content\quotes\chapter-03-mou-gong\bai-zhan-bai-sheng-fei-shan-zhi-shan-zhe-ye\index.md","front-matter","Cover","https://pub-f9d6c3356fb44ce0b1e0f09cb4ddf49a.r2.dev/quotes/chapter-03-mou-gong/bai-zhan-bai-sheng-fei-shan-zhi-shan-zhe-ye.jpg","短道速滑选手在赛前观察对手站位，体现战术与心理优势","","以战术布局与心理威慑让对手赛前处于劣势，减少硬碰硬消耗。",""
"C:\Users\san-20250514\aisunzibingfa\content\quotes\chapter-03-mou-gong\bi-yi-quan-zheng-yu-tian-xia\index.md","front-matter","Cover","https://pub-f9d6c3356fb44ce0b1e0f09cb4ddf49a.r2.dev/quotes/chapter-03-mou-gong/bi-yi-quan-zheng-yu-tian-xia.jpg","短道速滑选手在奥运赛道上进行体能分配与轮换策略示意","","奥运赛场的全胜战略：以轮换与体能分配实现兵不顿而利可全。",""
"C:\Users\san-20250514\aisunzibingfa\content\quotes\chapter-03-mou-gong\ci-wu-zhe-zhi-sheng-zhi-dao-ye\index.md","front-matter","Cover","https://pub-f9d6c3356fb44ce0b1e0f09cb4ddf49a.r2.dev/quotes/chapter-03-mou-gong/ci-wu-zhe-zhi-sheng-zhi-dao-ye.jpg","短道速滑选手在弯道处进行赛前战术评估","","赛前评估五维条件，是竞技战略中预判胜负走向的基础工作。",""
"C:\Users\san-20250514\aisunzibingfa\content\quotes\chapter-03-mou-gong\fu-jiang-zhe-guo-zhi-fu-ye\index.md","front-matter","Cover","https://pub-f9d6c3356fb44ce0b1e0f09cb4ddf49a.r2.dev/quotes/chapter-03-mou-gong/fu-jiang-zhe-guo-zhi-fu-ye.jpg","篮球比赛中核心球员持球组织进攻，队友围绕其跑位","","核心球员的「辅周」程度决定球队整体战力的上限与下限",""
"C:\Users\san-20250514\aisunzibingfa\content\quotes\chapter-03-mou-gong\gong-cheng-zhi-fa-wei-bu-de-yi\index.md","front-matter","Cover","https://pub-f9d6c3356fb44ce0b1e0f09cb4ddf49a.r2.dev/quotes/chapter-03-mou-gong/gong-cheng-zhi-fa-wei-bu-de-yi.jpg","体育竞技中强攻时机的战略决策示意图","","强攻是最后手段，战略耐心与果断出击的平衡决定比赛走向。",""
"C:\Users\san-20250514\aisunzibingfa\content\quotes\chapter-03-mou-gong\gu-jun-zhi-suo-yi-huan-yu-jun-zhe-san\index.md","front-matter","Cover","https://pub-f9d6c3356fb44ce0b1e0f09cb4ddf49a.r2.dev/quotes/chapter-03-mou-gong/gu-jun-zhi-suo-yi-huan-yu-jun-zhe-san.jpg","体育场边管理层与教练组沟通场景，象征决策权限边界","","《孙子兵法》三种祸军之举在体育管理中的映射：乱命进退、干涉行政、越权指挥。",""
"C:\Users\san-20250514\aisunzibingfa\content\quotes\chapter-03-mou-gong\gu-shan-yong-bing-zhe-qu-ren-zhi-bing\index.md","front-matter","Cover","https://pub-f9d6c3356fb44ce0b1e0f09cb4ddf49a.r2.dev/quotes/chapter-03-mou-gong/gu-shan-yong-bing-zhe-qu-ren-zhi-bing.jpg","短道速滑运动员在赛前研究对手录像，进行战术预演","","赛前视频分析与战术预演，是「屈人之兵而非战也」在现代竞技中的核心体现。",""
"C:\Users\san-20250514\aisunzibingfa\content\quotes\chapter-03-mou-gong\gu-xiao-di-zhi-jian-da-di-zhi-qin-ye\index.md","front-matter","Cover","https://pub-f9d6c3356fb44ce0b1e0f09cb4ddf49a.r2.dev/quotes/chapter-03-mou-gong/gu-xiao-di-zhi-jian-da-di-zhi-qin-ye.jpg","短道速滑选手在弯道处与对手保持距离，避免正面硬拼","","弱队若固执硬拼，往往加速溃败；避实击虚才是战术出路。",""
"C:\Users\san-20250514\aisunzibingfa\content\quotes\chapter-03-mou-gong\gu-yong-bing-zhi-fa-shi-ze-wei-zhi\index.md","front-matter","Cover","https://pub-f9d6c3356fb44ce0b1e0f09cb4ddf49a.r2.dev/quotes/chapter-03-mou-gong/gu-yong-bing-zhi-fa-shi-ze-wei-zhi.jpg","短道速滑运动员在弯道处调整战术强度","","依据实力倍数差选择压制、强攻、分化、周旋或避战，是战术维度的核心决策。",""
"C:\Users\san-20250514\aisunzibingfa\content\quotes\chapter-03-mou-gong\gu-yue-zhi-bi-zhi-ji-zhe\index.md","front-matter","Cover","https://pub-f9d6c3356fb44ce0b1e0f09cb4ddf49a.r2.dev/quotes/chapter-03-mou-gong/gu-yue-zhi-bi-zhi-ji-zhe.jpg","短道速滑运动员在赛后观看比赛录像进行复盘分析","","赛后复盘不是只找自己的问题，而是同时更新对手模型与自我模型，降低下一场决策偏差。",""
"C:\Users\san-20250514\aisunzibingfa\content\quotes\chapter-03-mou-gong\gu-zhi-sheng-you-wu\index.md","front-matter","Cover","https://pub-f9d6c3356fb44ce0b1e0f09cb4ddf49a.r2.dev/quotes/chapter-03-mou-gong/gu-zhi-sheng-you-wu.jpg","冰壶运动员在赛前观察冰面与对手布局，体现赛前战略预判","","赛前逐项核对「知胜有五」，把模糊的感觉变成可讨论的决策依据。",""
"C:\Users\san-20250514\aisunzibingfa\content\quotes\chapter-03-mou-gong\jiang-bu-sheng-qi-fen-er-yi-fu-zhi\index.md","front-matter","Cover","https://pub-f9d6c3356fb44ce0b1e0f09cb4ddf49a.r2.dev/quotes/chapter-03-mou-gong/jiang-bu-sheng-qi-fen-er-yi-fu-zhi.jpg","短道速滑选手在比赛中因急躁强行超越导致碰撞","","急躁强攻往往让比赛提前失去悬念，战略克制才是长久之道。",""
"C:\Users\san-20250514\aisunzibingfa\content\quotes\chapter-03-mou-gong\quan-guo-wei-shang-po-guo-ci-zhi\index.md","front-matter","Cover","https://pub-f9d6c3356fb44ce0b1e0f09cb4ddf49a.r2.dev/quotes/chapter-03-mou-gong/quan-guo-wei-shang-po-guo-ci-zhi.jpg","《孙子兵法》谋攻篇全国为上战略维度与竞技体育应用","","以《孙子兵法》谋攻篇「全国为上」解析竞技体育中的节奏控制与损耗管理。",""
"C:\Users\san-20250514\aisunzibingfa\content\quotes\chapter-03-mou-gong\san-jun-ji-huo-qie-yi\index.md","front-matter","Cover","https://pub-f9d6c3356fb44ce0b1e0f09cb4ddf49a.r2.dev/quotes/chapter-03-mou-gong/san-jun-ji-huo-qie-yi.jpg","短道速滑接力队员在比赛中交接棒时出现犹豫，体现团队战术混乱","","内部战术分歧与信任崩塌，如同诸侯乘虚而入，让对手在关键时刻迅速取胜。",""
"C:\Users\san-20250514\aisunzibingfa\content\quotes\chapter-03-mou-gong\shang-bing-fa-mou-qi-ci-fa-jiao\index.md","front-matter","Cover","https://pub-f9d6c3356fb44ce0b1e0f09cb4ddf49a.r2.dev/quotes/chapter-03-mou-gong/shang-bing-fa-mou-qi-ci-fa-jiao.jpg","冰壶比赛中选手观察对手布局并制定战术","","赛前识破对手战术，比单纯加大训练强度更能以低消耗获取优势。",""
"C:\Users\san-20250514\aisunzibingfa\content\quotes\chapter-03-mou-gong\xiu-lu-fen-wen-ju-qi-xie-san-yue-er-hou-cheng\index.md","front-matter","Cover","https://pub-f9d6c3356fb44ce0b1e0f09cb4ddf49a.r2.dev/quotes/chapter-03-mou-gong/xiu-lu-fen-wen-ju-qi-xie-san-yue-er-hou-cheng.jpg","短道速滑运动员在赛前进行体能储备与器材调试","","赛前备战资源投入并非越多越好，超过阈值后边际效益递减。",""
"C:\Users\san-20250514\aisunzibingfa\content\quotes\chapter-04-jun-xing\_index.md","front-matter","Cover","placeholder/quotes.jpg","军形篇","","军形篇",""
"C:\Users\san-20250514\aisunzibingfa\content\quotes\chapter-04-jun-xing\bing-fa-yi-yue-du\index.md","front-matter","Cover","https://pub-f9d6c3356fb44ce0b1e0f09cb4ddf49a.r2.dev/quotes/chapter-04-jun-xing/bing-fa-yi-yue-du.jpg","竞技体育选手在赛前进行体能评估与战术分析","","从《孙子兵法·军形篇》的五步量化评估链，看竞技体育中的资源约束与物理极限。",""
"C:\Users\san-20250514\aisunzibingfa\content\quotes\chapter-04-jun-xing\bu-ke-sheng-zai-ji\index.md","front-matter","Cover","https://pub-f9d6c3356fb44ce0b1e0f09cb4ddf49a.r2.dev/quotes/chapter-04-jun-xing/bu-ke-sheng-zai-ji.jpg","短道速滑选手在弯道中保持身体平衡与速度控制","","运动员守住自身物理极限的稳定输出，是「不可胜在己」的竞技体现。",""
"C:\Users\san-20250514\aisunzibingfa\content\quotes\chapter-04-jun-xing\bu-ke-sheng-zhe-shou-ye\index.md","front-matter","Cover","https://pub-f9d6c3356fb44ce0b1e0f09cb4ddf49a.r2.dev/quotes/chapter-04-jun-xing/bu-ke-sheng-zhe-shou-ye.jpg","短道速滑选手在弯道中跟随滑行，体现攻守选择与体力分配","","攻守选择由当前实力对比决定，时间节点只是次要因素。",""
"C:\Users\san-20250514\aisunzibingfa\content\quotes\chapter-04-jun-xing\di-sheng-du-du-sheng-liang\index.md","front-matter","Cover","https://pub-f9d6c3356fb44ce0b1e0f09cb4ddf49a.r2.dev/quotes/chapter-04-jun-xing/di-sheng-du-du-sheng-liang.jpg","竞技体育教练组在赛场边根据场地条件与资源数据推演比赛策略","","从场地条件到胜负趋势，资源约束维度贯穿赛前推演全过程。",""
"C:\Users\san-20250514\aisunzibingfa\content\quotes\chapter-04-jun-xing\gu-ju-qiu-hao-bu-wei-duo-li\index.md","front-matter","Cover","https://pub-f9d6c3356fb44ce0b1e0f09cb4ddf49a.r2.dev/quotes/chapter-04-jun-xing/gu-ju-qiu-hao-bu-wei-duo-li.jpg","短道速滑选手在弯道逼近物理极限的瞬间","","基础能力达标只是入场券，物理极限的毫厘之差才是胜负分水岭。",""
"C:\Users\san-20250514\aisunzibingfa\content\quotes\chapter-04-jun-xing\gu-qi-zhan-sheng-bu-te\index.md","front-matter","Cover","https://pub-f9d6c3356fb44ce0b1e0f09cb4ddf49a.r2.dev/quotes/chapter-04-jun-xing/gu-qi-zhan-sheng-bu-te.jpg","短道速滑选手在弯道处压步滑行，体现物理极限下的战术执行","","胜利的确定性来自赛前对物理极限的精确计算，而非赛中的偶然爆发。",""
"C:\Users\san-20250514\aisunzibingfa\content\quotes\chapter-04-jun-xing\gu-shan-zhan-zhe-li-yu-bu-bai-zhi-di\index.md","front-matter","Cover","https://pub-f9d6c3356fb44ce0b1e0f09cb4ddf49a.r2.dev/quotes/chapter-04-jun-xing/gu-shan-zhan-zhe-li-yu-bu-bai-zhi-di.jpg","短道速滑选手在弯道中保持稳定滑行线路，等待对手出现失误","","先守住自身滑行稳定与体能分配，再捕捉对手在弯道中的破绽。",""
"C:\Users\san-20250514\aisunzibingfa\content\quotes\chapter-04-jun-xing\gu-shan-zhan-zhe-neng-wei-bu-ke-sheng\index.md","front-matter","Cover","https://pub-f9d6c3356fb44ce0b1e0f09cb4ddf49a.r2.dev/quotes/chapter-04-jun-xing/gu-shan-zhan-zhe-neng-wei-bu-ke-sheng.jpg","运动员在赛场上专注自身动作稳定，背景为对手模糊身影","","守住自身稳定上限，正视对手不可控的临场发挥。",""
"C:\Users\san-20250514\aisunzibingfa\content\quotes\chapter-04-jun-xing\gu-shan-zhan-zhe-zhi-sheng-ye\index.md","front-matter","Cover","https://pub-f9d6c3356fb44ce0b1e0f09cb4ddf49a.r2.dev/quotes/chapter-04-jun-xing/gu-shan-zhan-zhe-zhi-sheng-ye.jpg","运动员在田径跑道上进行起跑细节训练，背景是计时器与训练数据板","","物理极限项目中，胜负常由起跑反应、重心控制等微小变量累积决定。",""
"C:\Users\san-20250514\aisunzibingfa\content\quotes\chapter-04-jun-xing\gu-sheng-bing-ruo-yi-yi-cheng-zhu\index.md","front-matter","Cover","https://pub-f9d6c3356fb44ce0b1e0f09cb4ddf49a.r2.dev/quotes/chapter-04-jun-xing/gu-sheng-bing-ruo-yi-yi-cheng-zhu.jpg","以镒称铢：竞技实力评估与资源约束","","《孙子兵法·军形篇》以镒称铢的智慧，指导运动员在资源约束下评估实力、设定目标。",""
"C:\Users\san-20250514\aisunzibingfa\content\quotes\chapter-04-jun-xing\gu-yue-sheng-ke-zhi\index.md","front-matter","Cover","https://pub-f9d6c3356fb44ce0b1e0f09cb4ddf49a.r2.dev/quotes/chapter-04-jun-xing/gu-yue-sheng-ke-zhi.jpg","短道速滑选手在弯道中身体倾斜，体现物理极限与赛前判断","","短道速滑的弯道离心力与冰面摩擦，是运动员无法强行突破的物理边界。",""
"C:\Users\san-20250514\aisunzibingfa\content\quotes\chapter-04-jun-xing\gu-zhi-suo-wei-shan-zhan-zhe\index.md","front-matter","Cover","https://pub-f9d6c3356fb44ce0b1e0f09cb4ddf49a.r2.dev/quotes/chapter-04-jun-xing/gu-zhi-suo-wei-shan-zhan-zhe.jpg","运动员在田径赛道上进行极限体能训练","","赛前准备将比赛难度降至自身极限之内，是「胜于易胜」的现代竞技体现。",""
"C:\Users\san-20250514\aisunzibingfa\content\quotes\chapter-04-jun-xing\jian-sheng-bu-guo-zhong-ren-zhi-suo-zhi\index.md","front-matter","Cover","https://pub-f9d6c3356fb44ce0b1e0f09cb4ddf49a.r2.dev/quotes/chapter-04-jun-xing/jian-sheng-bu-guo-zhong-ren-zhi-suo-zhi.jpg","短道速滑选手在弯道中保持身体极限倾斜，体现物理极限维度的竞技状态","","顶尖选手的胜利往往在赛前就已基本确定，真正决定胜负的是准备阶段的差距。",""
"C:\Users\san-20250514\aisunzibingfa\content\quotes\chapter-04-jun-xing\shan-shou-zhe-cang-yu-jiu-di-zhi-xia\index.md","front-matter","Cover","https://pub-f9d6c3356fb44ce0b1e0f09cb4ddf49a.r2.dev/quotes/chapter-04-jun-xing/shan-shou-zhe-cang-yu-jiu-di-zhi-xia.jpg","短道速滑选手在弯道隐蔽意图、直道突然加速的攻守节奏控制","","短道速滑与击剑中，攻守节奏的物理极限控制是胜负关键。",""
"C:\Users\san-20250514\aisunzibingfa\content\quotes\chapter-04-jun-xing\shan-yong-bing-zhe-xiu-dao-er-bao-fa\index.md","front-matter","Cover","https://pub-f9d6c3356fb44ce0b1e0f09cb4ddf49a.r2.dev/quotes/chapter-04-jun-xing/shan-yong-bing-zhe-xiu-dao-er-bao-fa.jpg","运动员在训练场上按标准流程执行动作，体现修道保法的竞技战略","","修明原则、严守纪律，运动员才能把胜负决定权握在自己手中。",""
"C:\Users\san-20250514\aisunzibingfa\content\quotes\chapter-04-jun-xing\sheng-zhe-zhi-zhan-min-ye\index.md","front-matter","Cover","https://pub-f9d6c3356fb44ce0b1e0f09cb4ddf49a.r2.dev/quotes/chapter-04-jun-xing/sheng-zhe-zhi-zhan-min-ye.jpg","短道速滑选手在弯道加速，形成不可逆冲击","","短道速滑中，选手在弯道积累势能，于直道释放，如同决积水于千仞之谿。",""
"C:\Users\san-20250514\aisunzibingfa\content\quotes\chapter-04-jun-xing\shi-gu-sheng-bing-xian-sheng-er-hou-qiu-zhan\index.md","front-matter","Cover","https://pub-f9d6c3356fb44ce0b1e0f09cb4ddf49a.r2.dev/quotes/chapter-04-jun-xing/shi-gu-sheng-bing-xian-sheng-er-hou-qiu-zhan.jpg","短道速滑选手在弯道处进行战术超越，体现赛前部署创造先手优势","","短道速滑比赛中，选手的弯道超越位置和时机往往在赛前已通过对手分析确定，这是「先胜后战」在物理极限边缘的典型体现。",""
"C:\Users\san-20250514\aisunzibingfa\content\quotes\chapter-04-jun-xing\shou-ze-bu-zu\index.md","front-matter","Cover","https://pub-f9d6c3356fb44ce0b1e0f09cb4ddf49a.r2.dev/quotes/chapter-04-jun-xing/shou-ze-bu-zu.jpg","短道速滑选手在弯道处判断攻防时机","","资源约束下，守与攻不是勇气问题，而是存量问题。",""
"C:\Users\san-20250514\aisunzibingfa\content\quotes\chapter-04-jun-xing\xi-zhi-shan-zhan-zhe\index.md","front-matter","Cover","https://pub-f9d6c3356fb44ce0b1e0f09cb4ddf49a.r2.dev/quotes/chapter-04-jun-xing/xi-zhi-shan-zhan-zhe.jpg","短道速滑选手在比赛中保持稳定节奏等待对手暴露漏洞","","在物理极限维度下，守住自己的体能边界，等待对手先触及极限。",""
"C:\Users\san-20250514\aisunzibingfa\content\quotes\chapter-05-bing-shi\_index.md","front-matter","Cover","placeholder/quotes.jpg","兵势篇","","兵势篇",""
"C:\Users\san-20250514\aisunzibingfa\content\quotes\chapter-05-bing-shi\fan-zhan-zhe-yi-zheng-he\index.md","front-matter","Cover","https://pub-f9d6c3356fb44ce0b1e0f09cb4ddf49a.r2.dev/quotes/chapter-05-bing-shi/fan-zhan-zhe-yi-zheng-he.jpg","短道速滑选手在弯道处从外道超越对手的瞬间","","常规跟滑稳住阵脚，外道突袭打破预判，正是「以正合，以奇胜」的冰上演绎。",""
"C:\Users\san-20250514\aisunzibingfa\content\quotes\chapter-05-bing-shi\fan-zhi-zhong-ru-zhi-gua\index.md","front-matter","Cover","https://pub-f9d6c3356fb44ce0b1e0f09cb4ddf49a.r2.dev/quotes/chapter-05-bing-shi/fan-zhi-zhong-ru-zhi-gua.jpg","篮球运动员在对手全场紧逼下变向出球的战术瞬间","","分层编制与号令同步，让大场面拆成小单元，再用奇正切换攻击对手薄弱点。",""
"C:\Users\san-20250514\aisunzibingfa\content\quotes\chapter-05-bing-shi\fen-fen-yun-yun\index.md","front-matter","Cover","https://pub-f9d6c3356fb44ce0b1e0f09cb4ddf49a.r2.dev/quotes/chapter-05-bing-shi/fen-fen-yun-yun.jpg","篮球比赛中球员在混乱场面下保持防守轮转站位","","场面可以乱，轮转与站位规则不能乱。",""
"C:\Users\san-20250514\aisunzibingfa\content\quotes\chapter-05-bing-shi\gu-shan-chu-qi-zhe\index.md","front-matter","Cover","https://pub-f9d6c3356fb44ce0b1e0f09cb4ddf49a.r2.dev/quotes/chapter-05-bing-shi/gu-shan-chu-qi-zhe.jpg","短道速滑选手在弯道突然变线超越对手的瞬间","","出奇不是冒险，而是技术储备在关键分上的隐蔽调用。",""
"C:\Users\san-20250514\aisunzibingfa\content\quotes\chapter-05-bing-shi\gu-shan-dong-di-zhe\index.md","front-matter","Cover","https://pub-f9d6c3356fb44ce0b1e0f09cb4ddf49a.r2.dev/quotes/chapter-05-bing-shi/gu-shan-dong-di-zhe.jpg","网球运动员用假动作调动对手重心","","以假象牵引对手，以微利诱其出手，是《孙子兵法》兵势篇的核心战术思维。",""
"C:\Users\san-20250514\aisunzibingfa\content\quotes\chapter-05-bing-shi\gu-shan-zhan-ren-zhi-shi\index.md","front-matter","Cover","https://pub-f9d6c3356fb44ce0b1e0f09cb4ddf49a.r2.dev/quotes/chapter-05-bing-shi/gu-shan-zhan-ren-zhi-shi.jpg","篮球比赛中连续得分后全队紧逼防守形成攻防一体态势","","善战者造势，如圆石滚落高山，势不可挡。",""
"C:\Users\san-20250514\aisunzibingfa\content\quotes\chapter-05-bing-shi\gu-shan-zhan-zhe-qiu-zhi-yu-shi\index.md","front-matter","Cover","https://pub-f9d6c3356fb44ce0b1e0f09cb4ddf49a.r2.dev/quotes/chapter-05-bing-shi/gu-shan-zhan-zhe-qiu-zhi-yu-shi.jpg","短道速滑运动员在弯道中利用战术态势超越对手","","短道速滑比赛中，选手通过弯道站位与节奏变化制造有利态势，释放自身速度优势。",""
"C:\Users\san-20250514\aisunzibingfa\content\quotes\chapter-05-bing-shi\ji-shui-zhi-ji\index.md","front-matter","Cover","https://pub-f9d6c3356fb44ce0b1e0f09cb4ddf49a.r2.dev/quotes/chapter-05-bing-shi/ji-shui-zhi-ji.jpg","排球攻手在二传触球瞬间起跳扣杀，体现势与节的战术配合","","势是持续压迫积累的战术压强，节是短促精准的发力窗口。",""
"C:\Users\san-20250514\aisunzibingfa\content\quotes\chapter-05-bing-shi\luan-sheng-yu-zhi\index.md","front-matter","Cover","https://pub-f9d6c3356fb44ce0b1e0f09cb4ddf49a.r2.dev/quotes/chapter-05-bing-shi/luan-sheng-yu-zhi.jpg","孙子兵法兵势篇战术平衡与奥运竞技决策示意图","","《孙子兵法·兵势篇》揭示战术过度偏向一端必生反效果，竞技中攻守节奏须动态调整。",""
"C:\Users\san-20250514\aisunzibingfa\content\quotes\chapter-05-bing-shi\mu-shi-zhi-xing\index.md","front-matter","Cover","https://pub-f9d6c3356fb44ce0b1e0f09cb4ddf49a.r2.dev/quotes/chapter-05-bing-shi/mu-shi-zhi-xing.jpg","孙子兵法兵势篇木石之性战术解读配图","","木石之性，安则静，危则动，方则止，圆则行。",""
"C:\Users\san-20250514\aisunzibingfa\content\quotes\chapter-05-bing-shi\qi-zheng-xiang-sheng\index.md","front-matter","Cover","https://pub-f9d6c3356fb44ce0b1e0f09cb4ddf49a.r2.dev/quotes/chapter-05-bing-shi/qi-zheng-xiang-sheng.jpg","网球选手在发球线上准备发球，背景是球场与观众席","","强力发球与切削发球交替使用，让对手的接发预判持续失效。",""
"C:\Users\san-20250514\aisunzibingfa\content\quotes\chapter-05-bing-shi\ren-shi-zhe-qi-zhan-ren-ye\index.md","front-matter","Cover","https://pub-f9d6c3356fb44ce0b1e0f09cb4ddf49a.r2.dev/quotes/chapter-05-bing-shi/ren-shi-zhe-qi-zhan-ren-ye.jpg","田径选手在赛道上跟跑破风的战术场景","","跟跑破风是「任势」在田径赛场上的直接体现：借助对手排开的空气，换取后程的体能优势。",""
"C:\Users\san-20250514\aisunzibingfa\content\quotes\chapter-05-bing-shi\sheng-bu-guo-wu\index.md","front-matter","Cover","https://pub-f9d6c3356fb44ce0b1e0f09cb4ddf49a.r2.dev/quotes/chapter-05-bing-shi/sheng-bu-guo-wu.jpg","羽毛球运动员在比赛中通过节奏与落点变化组合基础技术","","基础技术有限，战术组合无穷——关键在于节奏、落点与力量的变化运用。",""
"C:\Users\san-20250514\aisunzibingfa\content\quotes\chapter-05-bing-shi\shi-gu-shan-zhan-zhe-qi-shi-xian\index.md","front-matter","Cover","https://pub-f9d6c3356fb44ce0b1e0f09cb4ddf49a.r2.dev/quotes/chapter-05-bing-shi/shi-gu-shan-zhan-zhe-qi-shi-xian.jpg","短道速滑选手在弯道加速超越，体现「其势险，其节短」的战术节奏","","短道速滑弯道超越是「势险节短」的典型战术场景：先施压，再在极短窗口内完成关键动作。",""
"C:\Users\san-20250514\aisunzibingfa\content\quotes\chapter-05-bing-shi\shi-ru-guo-nu\index.md","front-matter","Cover","https://pub-f9d6c3356fb44ce0b1e0f09cb4ddf49a.r2.dev/quotes/chapter-05-bing-shi/shi-ru-guo-nu.jpg","网球选手在对手回球出浅时缩短引拍准备截击，体现蓄势与触发节奏","","蓄势如拉满弩弓，触发如扣动弩机，网球截击的胜负常在零点几秒内决定。",""
"C:\Users\san-20250514\aisunzibingfa\content\quotes\chapter-05-bing-shi\yi-li-dong-zhi\index.md","front-matter","Cover","https://pub-f9d6c3356fb44ce0b1e0f09cb4ddf49a.r2.dev/quotes/chapter-05-bing-shi/yi-li-dong-zhi.jpg","足球比赛中球员让出边路空间引诱对手前压的战术示意图","","让出边路不是退让，而是为了让对手进入预设的伏击区域。",""
"C:\Users\san-20250514\aisunzibingfa\content\quotes\chapter-05-bing-shi\zhi-luan-shu-ye\index.md","front-matter","Cover","https://pub-f9d6c3356fb44ce0b1e0f09cb4ddf49a.r2.dev/quotes/chapter-05-bing-shi/zhi-luan-shu-ye.jpg","短道速滑运动员在弯道中保持队形与战术纪律","","战术秩序来自编制与分工，而非临场情绪。",""
"C:\Users\san-20250514\aisunzibingfa\content\quotes\chapter-05-bing-shi\zhong-er-fu-shi\index.md","front-matter","Cover","https://pub-f9d6c3356fb44ce0b1e0f09cb4ddf49a.r2.dev/quotes/chapter-05-bing-shi/zhong-er-fu-shi.jpg","长跑运动员在跑道上进行高低强度交替训练，背景为日月与四季意象","","把训练周当作可循环的作战单元，用高低强度交替触发超量补偿。",""
"C:\Users\san-20250514\aisunzibingfa\content\quotes\chapter-06-xu-shi\_index.md","front-matter","Cover","placeholder/quotes.jpg","虚实篇","","虚实篇",""
"C:\Users\san-20250514\aisunzibingfa\content\quotes\chapter-06-xu-shi\bu-zhi-zhan-di-bu-zhi-zhan-ri\index.md","front-matter","Cover","https://pub-f9d6c3356fb44ce0b1e0f09cb4ddf49a.r2.dev/quotes/chapter-06-xu-shi/bu-zhi-zhan-di-bu-zhi-zhan-ri.jpg","排球队员在接发球时因责任区域模糊而犹豫，象征战术分工不清","","排球接发球中，责任区域模糊导致左右无法互救，正如孙子所言「左不能救右」。",""
"C:\Users\san-20250514\aisunzibingfa\content\quotes\chapter-06-xu-shi\chu-qi-suo-bu-qu-qu-qi-suo-bu-yi\index.md","front-matter","Cover","https://pub-f9d6c3356fb44ce0b1e0f09cb4ddf49a.r2.dev/quotes/chapter-06-xu-shi/chu-qi-suo-bu-qu-qu-qi-suo-bu-yi.jpg","羽毛球单打选手重复压后场后突然吊网前的战术示意图","","重复压后场使对手重心后移，突然吊网前攻击其不趋之处。",""
"C:\Users\san-20250514\aisunzibingfa\content\quotes\chapter-06-xu-shi\di-sui-zhong-ke-shi-wu-dou\index.md","front-matter","Cover","https://pub-f9d6c3356fb44ce0b1e0f09cb4ddf49a.r2.dev/quotes/chapter-06-xu-shi/di-sui-zhong-ke-shi-wu-dou.jpg","篮球区域联防中防守球员封锁内线传球路线的战术示意图","","区域联防的核心不是抢断，而是让对手的核心球员接不到球。",""
"C:\Users\san-20250514\aisunzibingfa\content\quotes\chapter-06-xu-shi\fan-xian-chu-zhan-di-er-dai-di-zhe-yi\index.md","front-matter","Cover","https://pub-f9d6c3356fb44ce0b1e0f09cb4ddf49a.r2.dev/quotes/chapter-06-xu-shi/fan-xian-chu-zhan-di-er-dai-di-zhe-yi.jpg","短道速滑运动员在弯道抢占内道领滑位置","","先进入节奏、先占据有利位置的一方，往往在体能与心理上占据双重优势。",""
"C:\Users\san-20250514\aisunzibingfa\content\quotes\chapter-06-xu-shi\fu-bing-xing-xiang-shui\index.md","front-matter","Cover","https://pub-f9d6c3356fb44ce0b1e0f09cb4ddf49a.r2.dev/quotes/chapter-06-xu-shi/fu-bing-xing-xiang-shui.jpg","羽毛球运动员在场上调动对手后攻击空当","","水避高趋下，兵避实击虚——调动对手，攻击空当。",""
"C:\Users\san-20250514\aisunzibingfa\content\quotes\chapter-06-xu-shi\gong-er-bi-qu-zhe-gong-qi-suo-bu-shou\index.md","front-matter","Cover","https://pub-f9d6c3356fb44ce0b1e0f09cb4ddf49a.r2.dev/quotes/chapter-06-xu-shi/gong-er-bi-qu-zhe-gong-qi-suo-bu-shou.jpg","足球运动员在定位球中攻击后点区域","","足球定位球中，攻击对方防守薄弱的后点区域，是「攻其所不守」的典型应用。",""
"C:\Users\san-20250514\aisunzibingfa\content\quotes\chapter-06-xu-shi\gu-bei-qian-ze-hou-gua\index.md","front-matter","Cover","https://pub-f9d6c3356fb44ce0b1e0f09cb4ddf49a.r2.dev/quotes/chapter-06-xu-shi/gu-bei-qian-ze-hou-gua.jpg","网球运动员在底线准备防守，身体重心偏向一侧","","网球底线防守中，预判对手回球线路并提前分配重心，是压缩跑动距离的关键。",""
"C:\Users\san-20250514\aisunzibingfa\content\quotes\chapter-06-xu-shi\gu-bing-wu-chang-shi-shui-wu-chang-xing\index.md","front-matter","Cover","https://pub-f9d6c3356fb44ce0b1e0f09cb4ddf49a.r2.dev/quotes/chapter-06-xu-shi/gu-bing-wu-chang-shi-shui-wu-chang-xing.jpg","篮球教练在场边根据对手防守策略调整战术","","战术没有固定模板，能因敌变化而取胜者，谓之神。",""
"C:\Users\san-20250514\aisunzibingfa\content\quotes\chapter-06-xu-shi\gu-ce-zhi-er-zhi-de-shi-zhi-ji\index.md","front-matter","Cover","https://pub-f9d6c3356fb44ce0b1e0f09cb4ddf49a.r2.dev/quotes/chapter-06-xu-shi/gu-ce-zhi-er-zhi-de-shi-zhi-ji.jpg","拳击手在比赛中用轻刺拳试探对手防守","","轻刺拳试探是拳击中最典型的「角之」，用最小代价读取对手虚实。",""
"C:\Users\san-20250514\aisunzibingfa\content\quotes\chapter-06-xu-shi\gu-di-yi-neng-lao-zhi-bao-neng-ji-zhi\index.md","front-matter","Cover","https://pub-f9d6c3356fb44ce0b1e0f09cb4ddf49a.r2.dev/quotes/chapter-06-xu-shi/gu-di-yi-neng-lao-zhi-bao-neng-ji-zhi.jpg","足球运动员在比赛中通过横向转移球调动对手防线","","横向转移球迫使防守阵型反复移动，是「敌佚能劳之」在现代足球中的典型应用。",""
"C:\Users\san-20250514\aisunzibingfa\content\quotes\chapter-06-xu-shi\gu-qi-zhan-sheng-bu-fu\index.md","front-matter","Cover","https://pub-f9d6c3356fb44ce0b1e0f09cb4ddf49a.r2.dev/quotes/chapter-06-xu-shi/gu-qi-zhan-sheng-bu-fu.jpg","拳击手在比赛中变换进攻节奏，体现孙子兵法战胜不复的战术思想","","取胜方法不重复，根据对手反应无穷变化。",""
"C:\Users\san-20250514\aisunzibingfa\content\quotes\chapter-06-xu-shi\gu-shan-gong-zhe-di-bu-zhi-qi-suo-shou\index.md","front-matter","Cover","https://pub-f9d6c3356fb44ce0b1e0f09cb4ddf49a.r2.dev/quotes/chapter-06-xu-shi/gu-shan-gong-zhe-di-bu-zhi-qi-suo-shou.jpg","羽毛球运动员在网前做出假动作，对手重心偏移","","通过假动作与节奏变化，让对手无法锁定防守重心。",""
"C:\Users\san-20250514\aisunzibingfa\content\quotes\chapter-06-xu-shi\gu-shan-zhan-zhe-zhi-ren-er-bu-zhi-yu-ren\index.md","front-matter","Cover","https://pub-f9d6c3356fb44ce0b1e0f09cb4ddf49a.r2.dev/quotes/chapter-06-xu-shi/gu-shan-zhan-zhe-zhi-ren-er-bu-zhi-yu-ren.jpg","篮球控球后卫在比赛中通过变速运球调动防守队员站位","","善于掌控节奏的一方，能让对手始终处于被动调整的状态。",""
"C:\Users\san-20250514\aisunzibingfa\content\quotes\chapter-06-xu-shi\gu-wo-yu-zhan-di-sui-gao-lei-shen-gou\index.md","front-matter","Cover","https://pub-f9d6c3356fb44ce0b1e0f09cb4ddf49a.r2.dev/quotes/chapter-06-xu-shi/gu-wo-yu-zhan-di-sui-gao-lei-shen-gou.jpg","足球运动员在边路传中，防守球员被迫离开原位补位","","攻击中卫与边卫之间的空当，迫使防守者离开原位补位。",""
"C:\Users\san-20250514\aisunzibingfa\content\quotes\chapter-06-xu-shi\gu-wu-xing-wu-chang-sheng\index.md","front-matter","Cover","https://pub-f9d6c3356fb44ce0b1e0f09cb4ddf49a.r2.dev/quotes/chapter-06-xu-shi/gu-wu-xing-wu-chang-sheng.jpg","网球选手在不同场地材质上击球，背景为四季更替与月相变化","","场地材质与体能周期如同四季更替，没有选手能永远占优。",""
"C:\Users\san-20250514\aisunzibingfa\content\quotes\chapter-06-xu-shi\gu-xing-bing-zhi-ji-zhi-yu-wu-xing\index.md","front-matter","Cover","https://pub-f9d6c3356fb44ce0b1e0f09cb4ddf49a.r2.dev/quotes/chapter-06-xu-shi/gu-xing-bing-zhi-ji-zhi-yu-wu-xing.jpg","拳击手在擂台上通过步法切换与头部晃动隐藏攻击意图","","拳击对抗中，步法与头部晃动使对手无法锁定攻击目标",""
"C:\Users\san-20250514\aisunzibingfa\content\quotes\chapter-06-xu-shi\gu-xing-ren-er-wo-wu-xing\index.md","front-matter","Cover","https://pub-f9d6c3356fb44ce0b1e0f09cb4ddf49a.r2.dev/quotes/chapter-06-xu-shi/gu-xing-ren-er-wo-wu-xing.jpg","羽毛球运动员用一致性出拍隐藏落点，对手重心暴露","","用动作一致性隐藏意图，迫使对手先暴露重心，再集中攻击其空档。",""
"C:\Users\san-20250514\aisunzibingfa\content\quotes\chapter-06-xu-shi\gu-zhi-zhan-zhi-di-zhi-zhan-zhi-ri\index.md","front-matter","Cover","https://pub-f9d6c3356fb44ce0b1e0f09cb4ddf49a.r2.dev/quotes/chapter-06-xu-shi/gu-zhi-zhan-zhi-di-zhi-zhan-zhi-ri.jpg","运动员在赛前勘察场地并标记关键点位","","赛前掌握比赛地点与时间信息，是战术执行的第一步。",""
"C:\Users\san-20250514\aisunzibingfa\content\quotes\chapter-06-xu-shi\gua-zhe-bei-ren-zhe-ye\index.md","front-matter","Cover","https://pub-f9d6c3356fb44ce0b1e0f09cb4ddf49a.r2.dev/quotes/chapter-06-xu-shi/gua-zhe-bei-ren-zhe-ye.jpg","网球运动员通过大角度调动对手，在跑动中击球","","通过落点与节奏变化调动对手，是「使人备己」在竞技体育中的直接体现。",""
"C:\Users\san-20250514\aisunzibingfa\content\quotes\chapter-06-xu-shi\jin-er-bu-ke-yu-zhe-chong-qi-xu-ye\index.md","front-matter","Cover","https://pub-f9d6c3356fb44ce0b1e0f09cb4ddf49a.r2.dev/quotes/chapter-06-xu-shi/jin-er-bu-ke-yu-zhe-chong-qi-xu-ye.jpg","网球运动员在对手站位靠前时挑高球打身后空当","","进攻打虚、撤退求速：孙子兵法虚实篇的战术智慧在体育竞技中的体现。",""
"C:\Users\san-20250514\aisunzibingfa\content\quotes\chapter-06-xu-shi\neng-shi-di-ren-zi-zhi-zhe-li-zhi-ye\index.md","front-matter","Cover","https://pub-f9d6c3356fb44ce0b1e0f09cb4ddf49a.r2.dev/quotes/chapter-06-xu-shi/neng-shi-di-ren-zi-zhi-zhe-li-zhi-ye.jpg","拳击手用佯攻引诱对手防守偏移的战术瞬间","","佯攻制造假目标，诱使对手移动，真实进攻窗口随之打开。",""
"C:\Users\san-20250514\aisunzibingfa\content\quotes\chapter-06-xu-shi\shui-yin-di-er-zhi-liu\index.md","front-matter","Cover","https://pub-f9d6c3356fb44ce0b1e0f09cb4ddf49a.r2.dev/quotes/chapter-06-xu-shi/shui-yin-di-er-zhi-liu.jpg","足球与冰壶运动员根据对手阵型调整战术的示意图","","战术如水流，随对手之形而变化。",""
"C:\Users\san-20250514\aisunzibingfa\content\quotes\chapter-06-xu-shi\wei-hu-wei-hu-zhi-yu-wu-xing\index.md","front-matter","Cover","https://pub-f9d6c3356fb44ce0b1e0f09cb4ddf49a.r2.dev/quotes/chapter-06-xu-shi/wei-hu-wei-hu-zhi-yu-wu-xing.jpg","篮球控球后卫匀速运球隐藏突破意图的战术示意图","","控球后卫以匀速运球消除加速预兆，使防守者无法判断启动时机。",""
"C:\Users\san-20250514\aisunzibingfa\content\quotes\chapter-06-xu-shi\wo-zhuan-wei-yi-di-fen-wei-shi\index.md","front-matter","Cover","https://pub-f9d6c3356fb44ce0b1e0f09cb4ddf49a.r2.dev/quotes/chapter-06-xu-shi/wo-zhuan-wei-yi-di-fen-wei-shi.jpg","足球运动员在弱侧形成局部人数优势的战术示意图","","集中力量攻击对手分散的弱侧，是竞技战术中的经典原则。",""
"C:\Users\san-20250514\aisunzibingfa\content\quotes\chapter-06-xu-shi\wu-suo-yu-zhan-zhi-di-bu-ke-zhi\index.md","front-matter","Cover","https://pub-f9d6c3356fb44ce0b1e0f09cb4ddf49a.r2.dev/quotes/chapter-06-xu-shi/wu-suo-yu-zhan-zhi-di-bu-ke-zhi.jpg","篮球进攻中延迟决策与防守分散的战术示意图","","隐藏主攻方向，迫使防守分散，在局部形成以多打少。",""
"C:\Users\san-20250514\aisunzibingfa\content\quotes\chapter-06-xu-shi\xing-qian-li-er-bu-lao-zhe\index.md","front-matter","Cover","https://pub-f9d6c3356fb44ce0b1e0f09cb4ddf49a.r2.dev/quotes/chapter-06-xu-shi/xing-qian-li-er-bu-lao-zhe.jpg","篮球运动员在弱侧空切接球，避开防守密集区","","行于无人之地——篮球进攻中选择弱侧空档，减少对抗消耗，提升得分效率。",""
"C:\Users\san-20250514\aisunzibingfa\content\quotes\chapter-06-xu-shi\yi-wu-duo-zhi-yue-ren-zhi-bing\index.md","front-matter","Cover","https://pub-f9d6c3356fb44ce0b1e0f09cb4ddf49a.r2.dev/quotes/chapter-06-xu-shi/yi-wu-duo-zhi-yue-ren-zhi-bing.jpg","足球比赛中弱队通过快速反击攻入关键进球的瞬间","","资源劣势方通过集中投放与效率提升，在关键节点上争取胜利。",""
"C:\Users\san-20250514\aisunzibingfa\content\quotes\chapter-06-xu-shi\yin-xing-er-cuo-sheng-yu-zhong\index.md","front-matter","Cover","https://pub-f9d6c3356fb44ce0b1e0f09cb4ddf49a.r2.dev/quotes/chapter-06-xu-shi/yin-xing-er-cuo-sheng-yu-zhong.jpg","拳击手在比赛中隐藏进攻意图，冰壶运动员在冰面上调整线路","","胜利可以展示，但制胜的调整逻辑必须隐藏。",""
"C:\Users\san-20250514\aisunzibingfa\content\quotes\chapter-07-jun-zheng\_index.md","front-matter","Cover","placeholder/quotes.jpg","军争篇","","军争篇",""
"C:\Users\san-20250514\aisunzibingfa\content\quotes\chapter-07-jun-zheng\bu-yong-xiang-dao-zhe-bu-neng-de-di-li\index.md","front-matter","Cover","https://pub-f9d6c3356fb44ce0b1e0f09cb4ddf49a.r2.dev/quotes/chapter-07-jun-zheng/bu-yong-xiang-dao-zhe-bu-neng-de-di-li.jpg","帆船选手在比赛中观察风向与水流","","帆船比赛中，对当地潮汐与风向的掌握往往决定航线选择的成败。",""
"C:\Users\san-20250514\aisunzibingfa\content\quotes\chapter-07-jun-zheng\bu-zhi-shan-lin-xian-zu-ju-ze-zhi-xing\index.md","front-matter","Cover","https://pub-f9d6c3356fb44ce0b1e0f09cb4ddf49a.r2.dev/quotes/chapter-07-jun-zheng/bu-zhi-shan-lin-xian-zu-ju-ze-zhi-xing.jpg","山地越野跑选手在赛前勘察赛道地形与风险路段","","执行维度的第一步不是冲刺，而是把赛道情报变成可复述、可执行的指令。",""
"C:\Users\san-20250514\aisunzibingfa\content\quotes\chapter-07-jun-zheng\fan-yong-bing-zhi-fa-jiang-shou-ming-yu-jun\index.md","front-matter","Cover","https://pub-f9d6c3356fb44ce0b1e0f09cb4ddf49a.r2.dev/quotes/chapter-07-jun-zheng/fan-yong-bing-zhi-fa-jiang-shou-ming-yu-jun.jpg","短道速滑选手在起跑线争夺先机","","从赛前准备到正式对抗，临场执行与先机争夺是最困难也最关键的环节。",""
"C:\Users\san-20250514\aisunzibingfa\content\quotes\chapter-07-jun-zheng\fu-jin-gu-jing-qi-zhe-suo-yi-yi-ren-zhi-er-mu\index.md","front-matter","Cover","https://pub-f9d6c3356fb44ce0b1e0f09cb4ddf49a.r2.dev/quotes/chapter-07-jun-zheng/fu-jin-gu-jing-qi-zhe-suo-yi-yi-ren-zhi-er-mu.jpg","赛艇八人艇在比赛中统一桨频，舵手发出信号","","赛艇舵手口令与桨频信号统一全艇动作，是执行维度的典型体现。",""
"C:\Users\san-20250514\aisunzibingfa\content\quotes\chapter-07-jun-zheng\gu-bing-yi-zha-li-yi-li-dong-yi-fen-he\index.md","front-matter","Cover","https://pub-f9d6c3356fb44ce0b1e0f09cb4ddf49a.r2.dev/quotes/chapter-07-jun-zheng/gu-bing-yi-zha-li-yi-li-dong-yi-fen-he.jpg","短道速滑选手在弯道中隐藏意图与对手周旋","","执行维度的核心：用欺骗隐藏意图，按利益决定行动，靠分合节奏掌控比赛。",""
"C:\Users\san-20250514\aisunzibingfa\content\quotes\chapter-07-jun-zheng\gu-bu-zhi-zhu-hou-zhi-mou-zhe-bu-neng-yu-jiao\index.md","front-matter","Cover","https://pub-f9d6c3356fb44ce0b1e0f09cb4ddf49a.r2.dev/quotes/chapter-07-jun-zheng/gu-bu-zhi-zhu-hou-zhi-mou-zhe-bu-neng-yu-jiao.jpg","篮球进攻中球员阅读对手防守体系并呼叫战术口令","","进攻失误的根源往往不在技术，而在未识别防守体系便贸然发动配合。",""
"C:\Users\san-20250514\aisunzibingfa\content\quotes\chapter-07-jun-zheng\gu-jun-zheng-wei-li-jun-zheng-wei-wei\index.md","front-matter","Cover","https://pub-f9d6c3356fb44ce0b1e0f09cb4ddf49a.r2.dev/quotes/chapter-07-jun-zheng/gu-jun-zheng-wei-li-jun-zheng-wei-wei.jpg","足球运动员高位逼抢与短道速滑选手内道超越的竞技执行场景","","主动争夺既创造机会也暴露风险，执行前须算清资源边界。",""
"C:\Users\san-20250514\aisunzibingfa\content\quotes\chapter-07-jun-zheng\gu-qi-ji-ru-feng-qi-xu-ru-lin\index.md","front-matter","Cover","https://pub-f9d6c3356fb44ce0b1e0f09cb4ddf49a.r2.dev/quotes/chapter-07-jun-zheng/gu-qi-ji-ru-feng-qi-xu-ru-lin.jpg","羽毛球双打选手在快速平抽后突然放网前小球，体现节奏切换的执行能力","","连续平抽建立节奏惯性后突然放网，是「侵掠如火」转「不动如山」的执行样本。",""
"C:\Users\san-20250514\aisunzibingfa\content\quotes\chapter-07-jun-zheng\gu-san-jun-ke-duo-qi-jiang-jun-ke-duo-xin\index.md","front-matter","Cover","https://pub-f9d6c3356fb44ce0b1e0f09cb4ddf49a.r2.dev/quotes/chapter-07-jun-zheng/gu-san-jun-ke-duo-qi-jiang-jun-ke-duo-xin.jpg","羽毛球运动员用假动作欺骗对手，体现三军可夺气将军可夺心的执行维度","","执行维度的核心：先稳住自身节奏，再用假动作与变速打击对手士气与决策信心。",""
"C:\Users\san-20250514\aisunzibingfa\content\quotes\chapter-07-jun-zheng\gu-shan-yong-bing-zhe-bi-qi-rui-qi-ji-qi-duo-gui\index.md","front-matter","Cover","https://pub-f9d6c3356fb44ce0b1e0f09cb4ddf49a.r2.dev/quotes/chapter-07-jun-zheng/gu-shan-yong-bing-zhe-bi-qi-rui-qi-ji-qi-duo-gui.jpg","运动员在比赛中等待对手疲劳时机的执行策略示意图","","避开对手锐气，在其惰归阶段发动决定性进攻",""
"C:\Users\san-20250514\aisunzibingfa\content\quotes\chapter-07-jun-zheng\gu-ye-zhan-duo-huo-gu-zhou-zhan-duo-jing-qi\index.md","front-matter","Cover","https://pub-f9d6c3356fb44ce0b1e0f09cb4ddf49a.r2.dev/quotes/chapter-07-jun-zheng/gu-ye-zhan-duo-huo-gu-zhou-zhan-duo-jing-qi.jpg","夜间公路自行车赛中车队使用灯光信号沟通","","光线与噪音条件改变时，竞技团队必须切换信号传递方式。",""
"C:\Users\san-20250514\aisunzibingfa\content\quotes\chapter-07-jun-zheng\gu-yong-bing-zhi-fa-gao-ling-wu-xiang\index.md","front-matter","Cover","https://pub-f9d6c3356fb44ce0b1e0f09cb4ddf49a.r2.dev/quotes/chapter-07-jun-zheng/gu-yong-bing-zhi-fa-gao-ling-wu-xiang.jpg","羽毛球运动员在比赛中判断对手站位，准备选择进攻线路","","执行层的核心不是更拼，而是更准：识别对手陷阱后再出手。",""
"C:\Users\san-20250514\aisunzibingfa\content\quotes\chapter-07-jun-zheng\gu-yu-qi-tu-er-you-zhi-yi-li\index.md","front-matter","Cover","https://pub-f9d6c3356fb44ce0b1e0f09cb4ddf49a.r2.dev/quotes/chapter-07-jun-zheng/gu-yu-qi-tu-er-you-zhi-yi-li.jpg","短道速滑选手在外道绕行后切入内道的瞬间","","绕远不是退让，而是为了更早到达关键位置。",""
"C:\Users\san-20250514\aisunzibingfa\content\quotes\chapter-07-jun-zheng\ju-jun-er-zheng-li-ze-bu-ji\index.md","front-matter","Cover","https://pub-f9d6c3356fb44ce0b1e0f09cb4ddf49a.r2.dev/quotes/chapter-07-jun-zheng/ju-jun-er-zheng-li-ze-bu-ji.jpg","运动员在马拉松起跑阶段跟随领先集团，体现举军而争利的执行资源约束","","全力争利不等于最优执行，资源约束下需要先守正再出奇。",""
"C:\Users\san-20250514\aisunzibingfa\content\quotes\chapter-07-jun-zheng\jun-zheng-yue-yan-bu-xiang-wen-gu-wei-jin-gu\index.md","front-matter","Cover","https://pub-f9d6c3356fb44ce0b1e0f09cb4ddf49a.r2.dev/quotes/chapter-07-jun-zheng/jun-zheng-yue-yan-bu-xiang-wen-gu-wei-jin-gu.jpg","篮球比赛中球员在客场噪音下用手势沟通战术","","当语音被噪音切断，手势与哨声成为执行的生命线",""
"C:\Users\san-20250514\aisunzibingfa\content\quotes\chapter-07-jun-zheng\jun-zheng-zhi-nan-zhe-yi-yu-wei-zhi\index.md","front-matter","Cover","https://pub-f9d6c3356fb44ce0b1e0f09cb4ddf49a.r2.dev/quotes/chapter-07-jun-zheng/jun-zheng-zhi-nan-zhe-yi-yu-wei-zhi.jpg","短道速滑选手在外道蓄力准备超越","","不利道次迫使选手改变节奏，利用对手预判盲区创造进攻机会。",""
"C:\Users\san-20250514\aisunzibingfa\content\quotes\chapter-07-jun-zheng\lue-xiang-fen-zhong-kuo-di-fen-li\index.md","front-matter","Cover","https://pub-f9d6c3356fb44ce0b1e0f09cb4ddf49a.r2.dev/quotes/chapter-07-jun-zheng/lue-xiang-fen-zhong-kuo-di-fen-li.jpg","公路自行车突围集团轮流领骑的场景","","突围集团中车手轮流领骑，正是「掠乡分众」在体育执行中的体现。",""
"C:\Users\san-20250514\aisunzibingfa\content\quotes\chapter-07-jun-zheng\ren-ji-zhuan-yi-ze-yong-zhe-bu-de-du-jin\index.md","front-matter","Cover","https://pub-f9d6c3356fb44ce0b1e0f09cb4ddf49a.r2.dev/quotes/chapter-07-jun-zheng/ren-ji-zhuan-yi-ze-yong-zhe-bu-de-du-jin.jpg","自行车公路赛中车队保持统一节奏行进","","自行车公路赛中，副将严格按主将节奏领骑，体现「勇者不得独进」的执行原则。",""
"C:\Users\san-20250514\aisunzibingfa\content\quotes\chapter-07-jun-zheng\san-shi-li-er-zheng-li-ze-san-fen-zhi-er-zhi\index.md","front-matter","Cover","https://pub-f9d6c3356fb44ce0b1e0f09cb4ddf49a.r2.dev/quotes/chapter-07-jun-zheng/san-shi-li-er-zheng-li-ze-san-fen-zhi-er-zhi.jpg","运动员在赛道上合理分配体能，体现执行力与资源约束","","合理分配体能是保持执行力的关键，过度争利只会让部分队员掉队。",""
"C:\Users\san-20250514\aisunzibingfa\content\quotes\chapter-07-jun-zheng\shi-gu-juan-jia-er-qu-ri-ye-bu-chu\index.md","front-matter","Cover","https://pub-f9d6c3356fb44ce0b1e0f09cb4ddf49a.r2.dev/quotes/chapter-07-jun-zheng/shi-gu-juan-jia-er-qu-ri-ye-bu-chu.jpg","马拉松选手在前程超速后后程掉速的竞技场景","","前程强行提速如同卷甲急行，后程资源耗尽则十一而至。",""
"C:\Users\san-20250514\aisunzibingfa\content\quotes\chapter-07-jun-zheng\shi-gu-jun-wu-zi-zhong-ze-wang\index.md","front-matter","Cover","https://pub-f9d6c3356fb44ce0b1e0f09cb4ddf49a.r2.dev/quotes/chapter-07-jun-zheng/shi-gu-jun-wu-zi-zhong-ze-wang.jpg","自行车公路赛车手在比赛中从车队补给点取水","","自行车公路赛中，车队补给点的规划直接影响车手在关键爬坡前的能量状态。",""
"C:\Users\san-20250514\aisunzibingfa\content\quotes\chapter-07-jun-zheng\shi-gu-zhao-qi-rui-zhou-qi-duo-mu-qi-gui\index.md","front-matter","Cover","https://pub-f9d6c3356fb44ce0b1e0f09cb4ddf49a.r2.dev/quotes/chapter-07-jun-zheng/shi-gu-zhao-qi-rui-zhou-qi-duo-mu-qi-gui.jpg","足球运动员在比赛开场阶段进行高位逼抢","","开场锐气窗口是执行高强度战术的最佳时段",""
"C:\Users\san-20250514\aisunzibingfa\content\quotes\chapter-07-jun-zheng\wei-jun-er-zheng-li-ze-zi-zhong-juan\index.md","front-matter","Cover","https://pub-f9d6c3356fb44ce0b1e0f09cb4ddf49a.r2.dev/quotes/chapter-07-jun-zheng/wei-jun-er-zheng-li-ze-zi-zhong-juan.jpg","长跑选手在补给站取水，背景是赛道与计时牌","","为跟住对手而放弃补给，后程往往付出掉速代价。",""
"C:\Users\san-20250514\aisunzibingfa\content\quotes\chapter-07-jun-zheng\wu-shi-li-er-zheng-li-ze-jue-shang-jiang-jun\index.md","front-matter","Cover","https://pub-f9d6c3356fb44ce0b1e0f09cb4ddf49a.r2.dev/quotes/chapter-07-jun-zheng/wu-shi-li-er-zheng-li-ze-jue-shang-jiang-jun.jpg","运动员在比赛中分配体能，体现执行与资源约束","","执行维度的核心：在资源约束下分段分配体能",""
"C:\Users\san-20250514\aisunzibingfa\content\quotes\chapter-07-jun-zheng\wu-yao-zheng-zheng-zhi-qi-wu-ji-tang-tang-zhi-chen\index.md","front-matter","Cover","https://pub-f9d6c3356fb44ce0b1e0f09cb4ddf49a.r2.dev/quotes/chapter-07-jun-zheng/wu-yao-zheng-zheng-zhi-qi-wu-ji-tang-tang-zhi-chen.jpg","篮球教练在对手连续得分后请求暂停，球员围拢听取战术调整","","面对对手气势高峰，果断打断节奏比正面硬碰更符合执行维度的战术原则。",""
"C:\Users\san-20250514\aisunzibingfa\content\quotes\chapter-07-jun-zheng\xian-zhi-yu-zhi-zhi-ji-zhe-sheng\index.md","front-matter","Cover","https://pub-f9d6c3356fb44ce0b1e0f09cb4ddf49a.r2.dev/quotes/chapter-07-jun-zheng/xian-zhi-yu-zhi-zhi-ji-zhe-sheng.jpg","短道速滑选手在弯道处观察对手位置，准备执行赛前设定的关键分预案","","赛前研究对手习惯，让关键分执行更快更稳。",""
"C:\Users\san-20250514\aisunzibingfa\content\quotes\chapter-07-jun-zheng\yi-jin-dai-yuan-yi-yi-dai-lao\index.md","front-matter","Cover","https://pub-f9d6c3356fb44ce0b1e0f09cb4ddf49a.r2.dev/quotes/chapter-07-jun-zheng/yi-jin-dai-yuan-yi-yi-dai-lao.jpg","自行车运动员在公路赛中利用内线卡位节省体能","","自行车公路赛中，提前卡位占据内线的车手在弯道前能节省体能，这正是「以近待远」的现代演绎。",""
"C:\Users\san-20250514\aisunzibingfa\content\quotes\chapter-07-jun-zheng\yi-zhi-dai-luan-yi-jing-dai-hua\index.md","front-matter","Cover","https://pub-f9d6c3356fb44ce0b1e0f09cb4ddf49a.r2.dev/quotes/chapter-07-jun-zheng/yi-zhi-dai-luan-yi-jing-dai-hua.jpg","以治待乱以静待哗的竞技执行示意图","","严整与镇静是执行的基础，等待对手混乱与喧哗是夺取节奏主导权的关键。",""
"C:\Users\san-20250514\aisunzibingfa\content\quotes\chapter-08-jiu-bian\_index.md","front-matter","Cover","placeholder/quotes.jpg","九变篇","","九变篇",""
"C:\Users\san-20250514\aisunzibingfa\content\quotes\chapter-08-jiu-bian\fan-ci-wu-zhe-jiang-zhi-guo-ye\index.md","front-matter","Cover","https://pub-f9d6c3356fb44ce0b1e0f09cb4ddf49a.r2.dev/quotes/chapter-08-jiu-bian/fan-ci-wu-zhe-jiang-zhi-guo-ye.jpg","短道速滑接力交接瞬间，运动员在冰面上高速传递，体现执行链条的紧张传导","","「凡此五者，将之过也，用兵之灾也」——执行链条上任何个人偏差都会被放大为整体灾难。",""
"C:\Users\san-20250514\aisunzibingfa\content\quotes\chapter-08-jiu-bian\fan-yong-bing-zhi-fa-jiang-shou-ming-yu-jun\index.md","front-matter","Cover","https://pub-f9d6c3356fb44ce0b1e0f09cb4ddf49a.r2.dev/quotes/chapter-08-jiu-bian/fan-yong-bing-zhi-fa-jiang-shou-ming-yu-jun.jpg","短道速滑运动员在赛季前集训中集结训练","","赛季前集训的集结效率，直接影响整个赛季的体能储备与战术磨合。",""
"C:\Users\san-20250514\aisunzibingfa\content\quotes\chapter-08-jiu-bian\fu-jun-sha-jiang-bi-yi-wu-wei\index.md","front-matter","Cover","https://pub-f9d6c3356fb44ce0b1e0f09cb4ddf49a.r2.dev/quotes/chapter-08-jiu-bian/fu-jun-sha-jiang-bi-yi-wu-wei.jpg","短道速滑运动员在弯道处被碰撞后强行超越的瞬间","","高压下的性格弱点失控，往往是执行崩盘的真正起点。",""
"C:\Users\san-20250514\aisunzibingfa\content\quotes\chapter-08-jiu-bian\gu-jiang-tong-yu-jiu-bian-zhi-li-zhe\index.md","front-matter","Cover","https://pub-f9d6c3356fb44ce0b1e0f09cb4ddf49a.r2.dev/quotes/chapter-08-jiu-bian/gu-jiang-tong-yu-jiu-bian-zhi-li-zhe.jpg","短道速滑选手在弯道处临场变线超越对手","","通晓九变之利者，知用兵矣——短道速滑中的变线决策正是战略执行的体现。",""
"C:\Users\san-20250514\aisunzibingfa\content\quotes\chapter-08-jiu-bian\gu-jiang-you-wu-wei-bi-si-ke-sha-ye\index.md","front-matter","Cover","https://pub-f9d6c3356fb44ce0b1e0f09cb4ddf49a.r2.dev/quotes/chapter-08-jiu-bian/gu-jiang-you-wu-wei-bi-si-ke-sha-ye.jpg","《孙子兵法》五危与体育执行决策示意图","","五危揭示教练与运动员在高压下易犯的五种执行错误",""
"C:\Users\san-20250514\aisunzibingfa\content\quotes\chapter-08-jiu-bian\gu-yong-bing-zhi-fa-wu-shi-qi-bu-lai\index.md","front-matter","Cover","https://pub-f9d6c3356fb44ce0b1e0f09cb4ddf49a.r2.dev/quotes/chapter-08-jiu-bian/gu-yong-bing-zhi-fa-wu-shi-qi-bu-lai.jpg","篮球比赛中防守方提前布置弱侧协防，体现孙子兵法无恃其不来的执行准备","","不赌对手不来，只靠自身有以待——执行维度的竞技准备哲学",""
"C:\Users\san-20250514\aisunzibingfa\content\quotes\chapter-08-jiu-bian\jiang-bu-tong-yu-jiu-bian-zhi-li-zhe\index.md","front-matter","Cover","https://pub-f9d6c3356fb44ce0b1e0f09cb4ddf49a.r2.dev/quotes/chapter-08-jiu-bian/jiang-bu-tong-yu-jiu-bian-zhi-li-zhe.jpg","网球选手在比赛中根据对手变化调整战术的瞬间","","赛前情报充分不等于赛场取胜，临场变通才是将情报转化为优势的关键。",""
"C:\Users\san-20250514\aisunzibingfa\content\quotes\chapter-08-jiu-bian\pi-di-wu-she-qu-di-jiao-he\index.md","front-matter","Cover","https://pub-f9d6c3356fb44ce0b1e0f09cb4ddf49a.r2.dev/quotes/chapter-08-jiu-bian/pi-di-wu-she-qu-di-jiao-he.jpg","自行车运动员在起伏赛道上调整配速与位置","","赛道地形与赛程阶段决定体能分配方式，圮地降载、衢地借力、死地决战。",""
"C:\Users\san-20250514\aisunzibingfa\content\quotes\chapter-08-jiu-bian\shi-gu-qu-zhu-hou-zhe-yi-hai\index.md","front-matter","Cover","https://pub-f9d6c3356fb44ce0b1e0f09cb4ddf49a.r2.dev/quotes/chapter-08-jiu-bian/shi-gu-qu-zhu-hou-zhe-yi-hai.jpg","篮球比赛中全场紧逼防守的战略施压场景","","战略维度下的竞技对抗：通过施压、消耗与牵引，迫使对手偏离舒适节奏。",""
"C:\Users\san-20250514\aisunzibingfa\content\quotes\chapter-08-jiu-bian\shi-gu-zhi-zhe-zhi-lv\index.md","front-matter","Cover","https://pub-f9d6c3356fb44ce0b1e0f09cb4ddf49a.r2.dev/quotes/chapter-08-jiu-bian/shi-gu-zhi-zhe-zhi-lv.jpg","奥运教练与运动员在场边进行战略讨论，白板上写满利害分析要点","","战略决策的核心不是只看收益，而是同时评估有利与有害两面。",""
"C:\Users\san-20250514\aisunzibingfa\content\quotes\chapter-08-jiu-bian\tu-you-suo-bu-you-jun-you-suo-bu-ji\index.md","front-matter","Cover","https://pub-f9d6c3356fb44ce0b1e0f09cb4ddf49a.r2.dev/quotes/chapter-08-jiu-bian/tu-you-suo-bu-you-jun-you-suo-bu-ji.jpg","马拉松运动员在比赛中调整配速，体现执行取舍的竞技场景","","执行阶段主动放弃次要目标，集中资源保住核心目标，是《九变篇》在竞技体育中的核心启示。",""
"C:\Users\san-20250514\aisunzibingfa\content\quotes\chapter-08-jiu-bian\za-yu-li-er-wu-ke-xin-ye\index.md","front-matter","Cover","https://pub-f9d6c3356fb44ce0b1e0f09cb4ddf49a.r2.dev/quotes/chapter-08-jiu-bian/za-yu-li-er-wu-ke-xin-ye.jpg","篮球比赛中教练与球员在暂停时进行战术沟通，体现利害双算的战略思维","","优势时计算风险，劣势时寻找机会，是竞技战略的核心素养。",""
"C:\Users\san-20250514\aisunzibingfa\content\quotes\chapter-08-jiu-bian\zhi-bing-bu-zhi-jiu-bian-zhi-shu\index.md","front-matter","Cover","https://pub-f9d6c3356fb44ce0b1e0f09cb4ddf49a.r2.dev/quotes/chapter-08-jiu-bian/zhi-bing-bu-zhi-jiu-bian-zhi-shu.jpg","篮球教练在场边手持战术板，替补球员准备登场","","执行维度的胜负，往往在换人与变阵的几分钟内决定。",""
"C:\Users\san-20250514\aisunzibingfa\content\quotes\chapter-09-xing-jun\_index.md","front-matter","Cover","placeholder/quotes.jpg","行军篇","","行军篇",""
"C:\Users\san-20250514\aisunzibingfa\content\quotes\chapter-09-xing-jun\bing-fei-yi-duo-ye-wei-wu-wu-jin\index.md","front-matter","Cover","https://pub-f9d6c3356fb44ce0b1e0f09cb4ddf49a.r2.dev/quotes/chapter-09-xing-jun/bing-fei-yi-duo-ye-wei-wu-wu-jin.jpg","足球比赛中球队在控球劣势下组织集中反击的战术示意","","资源少不等于机会少，执行效率决定反击质量。",""
"C:\Users\san-20250514\aisunzibingfa\content\quotes\chapter-09-xing-jun\bing-nu-er-xiang-ying-jiu-er-bu-he\index.md","front-matter","Cover","https://pub-f9d6c3356fb44ce0b1e0f09cb4ddf49a.r2.dev/quotes/chapter-09-xing-jun/bing-nu-er-xiang-ying-jiu-er-bu-he.jpg","篮球比赛中对方球员情绪激动但战术克制，反复传导球等待机会","","对手愤怒却迟迟不动手，执行层面需谨慎观察其真实意图。",""
"C:\Users\san-20250514\aisunzibingfa\content\quotes\chapter-09-xing-jun\ci-bei-er-yi-bei-zhe-jin-ye\index.md","front-matter","Cover","https://pub-f9d6c3356fb44ce0b1e0f09cb4ddf49a.r2.dev/quotes/chapter-09-xing-jun/ci-bei-er-yi-bei-zhe-jin-ye.jpg","足球教练在场边观察对手赛前热身与阵型变化","","对手的赛前表态与备战动作之间的反差，是执行维度最重要的情报窗口。",""
"C:\Users\san-20250514\aisunzibingfa\content\quotes\chapter-09-xing-jun\ci-bing-zhi-li-di-zhi-zhu-ye\index.md","front-matter","Cover","https://pub-f9d6c3356fb44ce0b1e0f09cb4ddf49a.r2.dev/quotes/chapter-09-xing-jun/ci-bing-zhi-li-di-zhi-zhu-ye.jpg","短道速滑运动员在冰面上进行弯道适应训练，借助冰面物理条件提升执行精度","","「此兵之利，地之助也」：运动员对场地物理条件的精确适应，是执行精度的重要来源。",""
"C:\Users\san-20250514\aisunzibingfa\content\quotes\chapter-09-xing-jun\di-jin-er-jing-zhe-shi-qi-xian-ye\index.md","front-matter","Cover","https://pub-f9d6c3356fb44ce0b1e0f09cb4ddf49a.r2.dev/quotes/chapter-09-xing-jun/di-jin-er-jing-zhe-shi-qi-xian-ye.jpg","短道速滑选手在弯道中保持安静跟随，观察前方对手节奏","","对手突然安静或降速，往往已占据有利位置，等待你先行犯错。",""
"C:\Users\san-20250514\aisunzibingfa\content\quotes\chapter-09-xing-jun\fan-chu-jun-xiang-di-jue-shan-yi-gu\index.md","front-matter","Cover","https://pub-f9d6c3356fb44ce0b1e0f09cb4ddf49a.r2.dev/quotes/chapter-09-xing-jun/fan-chu-jun-xiang-di-jue-shan-yi-gu.jpg","越野跑选手沿谷地行进，背景为山地赛道","","沿谷地行进可降低累计爬升，减少体能消耗。",""
"C:\Users\san-20250514\aisunzibingfa\content\quotes\chapter-09-xing-jun\fan-ci-si-jun-zhi-li\index.md","front-matter","Cover","https://pub-f9d6c3356fb44ce0b1e0f09cb4ddf49a.r2.dev/quotes/chapter-09-xing-jun/fan-ci-si-jun-zhi-li.jpg","短道速滑选手在弯道处调整位置与节奏","","不同位置需要不同的执行策略，正如不同地形需要不同的用兵部署。",""
"C:\Users\san-20250514\aisunzibingfa\content\quotes\chapter-09-xing-jun\fan-di-you-jue-jian-tian-jing-tian-lao\index.md","front-matter","Cover","https://pub-f9d6c3356fb44ce0b1e0f09cb4ddf49a.r2.dev/quotes/chapter-09-xing-jun/fan-di-you-jue-jian-tian-jing-tian-lao.jpg","山地自行车选手在狭窄岩壁夹缝前减速绕行","","面对不可逆的危险地形，提前减速绕行是执行维度的第一原则。",""
"C:\Users\san-20250514\aisunzibingfa\content\quotes\chapter-09-xing-jun\fan-jun-hao-gao-er-e-xia\index.md","front-matter","Cover","https://pub-f9d6c3356fb44ce0b1e0f09cb4ddf49a.r2.dev/quotes/chapter-09-xing-jun/fan-jun-hao-gao-er-e-xia.jpg","自行车多日赛选手在干燥通风的住宿点恢复","","选择干燥通风的住宿环境，是自行车多日赛执行力的基础。",""
"C:\Users\san-20250514\aisunzibingfa\content\quotes\chapter-09-xing-jun\fu-wei-wu-lv-er-yi-di-zhe\index.md","front-matter","Cover","https://pub-f9d6c3356fb44ce0b1e0f09cb4ddf49a.r2.dev/quotes/chapter-09-xing-jun/fu-wei-wu-lv-er-yi-di-zhe.jpg","运动员在赛前专注研究对手录像，体现执行维度的准备纪律","","赛前评估与针对性准备，是执行维度中最容易被轻敌心理侵蚀的环节。",""
"C:\Users\san-20250514\aisunzibingfa\content\quotes\chapter-09-xing-jun\gu-ling-zhi-yi-wen-qi-zhi-yi-wu\index.md","front-matter","Cover","https://pub-f9d6c3356fb44ce0b1e0f09cb4ddf49a.r2.dev/quotes/chapter-09-xing-jun/gu-ling-zhi-yi-wen-qi-zhi-yi-wu.jpg","短道速滑运动员在弯道中执行交接，体现文与武双轨管理","","执行维度要求教练在鼓励沟通与纪律约束之间找到精确平衡点",""
"C:\Users\san-20250514\aisunzibingfa\content\quotes\chapter-09-xing-jun\jue-chi-ze-wei-ji-qu-wu-liu\index.md","front-matter","Cover","https://pub-f9d6c3356fb44ce0b1e0f09cb4ddf49a.r2.dev/quotes/chapter-09-xing-jun/jue-chi-ze-wei-ji-qu-wu-liu.jpg","越野跑选手快速通过泥沼路段","","通过泥沼与冰雪路段时，快速小步、减少停留是执行核心。",""
"C:\Users\san-20250514\aisunzibingfa\content\quotes\chapter-09-xing-jun\jue-shui-bi-yuan-shui-ke-jue-shui-er-lai\index.md","front-matter","Cover","https://pub-f9d6c3356fb44ce0b1e0f09cb4ddf49a.r2.dev/quotes/chapter-09-xing-jun/jue-shui-bi-yuan-shui-ke-jue-shui-er-lai.jpg","铁人三项选手游泳出水后慢跑进入换项区","","游泳出水后先稳重心、再进入换项流程，是执行维度下对物理极限的尊重。",""
"C:\Users\san-20250514\aisunzibingfa\content\quotes\chapter-09-xing-jun\jun-xing-you-xian-zu-huang-jing-jia-wei\index.md","front-matter","Cover","https://pub-f9d6c3356fb44ce0b1e0f09cb4ddf49a.r2.dev/quotes/chapter-09-xing-jun/jun-xing-you-xian-zu-huang-jing-jia-wei.jpg","足球角球防守中贴身盯防的瞬间","","防守球员在角球中贴身盯防进攻球员，限制其起跳抢点。",""
"C:\Users\san-20250514\aisunzibingfa\content\quotes\chapter-09-xing-jun\ling-su-xing-yi-jiao-qi-min\index.md","front-matter","Cover","https://pub-f9d6c3356fb44ce0b1e0f09cb4ddf49a.r2.dev/quotes/chapter-09-xing-jun/ling-su-xing-yi-jiao-qi-min.jpg","教练在训练场边与队员一同执行训练规则","","规则先在自己身上一贯执行，再要求队员，队员才会心服。",""
"C:\Users\san-20250514\aisunzibingfa\content\quotes\chapter-09-xing-jun\ling-su-xing-zhe-yu-zhong-xiang-de-ye\index.md","front-matter","Cover","https://pub-f9d6c3356fb44ce0b1e0f09cb4ddf49a.r2.dev/quotes/chapter-09-xing-jun/ling-su-xing-zhe-yu-zhong-xiang-de-ye.jpg","短道速滑运动员在接力比赛中交接，体现团队执行与信任","","短道速滑接力交接的瞬间，运动员对队友和教练战术的信任是执行力的直接体现。",""
"C:\Users\san-20250514\aisunzibingfa\content\quotes\chapter-09-xing-jun\ping-lu-chu-yi-er-you-bei-gao\index.md","front-matter","Cover","https://pub-f9d6c3356fb44ce0b1e0f09cb4ddf49a.r2.dev/quotes/chapter-09-xing-jun/ping-lu-chu-yi-er-you-bei-gao.jpg","竞技体育中的空间布局与执行","","从《孙子兵法·行军篇》看竞技体育中的空间执行策略",""
"C:\Users\san-20250514\aisunzibingfa\content\quotes\chapter-09-xing-jun\qiu-ling-di-fang-bi-chu-qi-yang\index.md","front-matter","Cover","https://pub-f9d6c3356fb44ce0b1e0f09cb4ddf49a.r2.dev/quotes/chapter-09-xing-jun/qiu-ling-di-fang-bi-chu-qi-yang.jpg","篮球防守球员将持球者逼向边线死角","","边线是免费的防守者，底线是天然的包夹点。",""
"C:\Users\san-20250514\aisunzibingfa\content\quotes\chapter-09-xing-jun\shang-yu-shui-mo-zhi-yu-she-zhe\index.md","front-matter","Cover","https://pub-f9d6c3356fb44ce0b1e0f09cb4ddf49a.r2.dev/quotes/chapter-09-xing-jun/shang-yu-shui-mo-zhi-yu-she-zhe.jpg","越野跑选手在溪流前等待水势稳定","","越野跑选手遇到上游降雨导致的溪水暴涨，应等待水势稳定后再渡溪。",""
"C:\Users\san-20250514\aisunzibingfa\content\quotes\chapter-09-xing-jun\wu-yuan-zhi-di-jin-zhi\index.md","front-matter","Cover","https://pub-f9d6c3356fb44ce0b1e0f09cb4ddf49a.r2.dev/quotes/chapter-09-xing-jun/wu-yuan-zhi-di-jin-zhi.jpg","短道速滑选手在内道压制对手，体现空间位势与物理极限","","短道速滑中，内道选手迫使对手外道滑行，消耗其体能。",""
"C:\Users\san-20250514\aisunzibingfa\content\quotes\chapter-09-xing-jun\zhang-er-li-zhe-ji-ye\index.md","front-matter","Cover","https://pub-f9d6c3356fb44ce0b1e0f09cb4ddf49a.r2.dev/quotes/chapter-09-xing-jun/zhang-er-li-zhe-ji-ye.jpg","运动员在比赛中弯腰撑膝，显示疲劳状态","","《孙子兵法》行军篇的观察智慧在体育竞技中的应用",""
"C:\Users\san-20250514\aisunzibingfa\content\quotes\chapter-09-xing-jun\zhong-shu-dong-zhe-lai-ye\index.md","front-matter","Cover","https://pub-f9d6c3356fb44ce0b1e0f09cb4ddf49a.r2.dev/quotes/chapter-09-xing-jun/zhong-shu-dong-zhe-lai-ye.jpg","短道速滑选手在弯道中观察前方对手动作信号","","执行维度的核心不是反应快，而是判断准：先读取信号，再决定动作。",""
"C:\Users\san-20250514\aisunzibingfa\content\quotes\chapter-09-xing-jun\zu-wei-qin-fu-er-fa-zhi\index.md","front-matter","Cover","https://pub-f9d6c3356fb44ce0b1e0f09cb4ddf49a.r2.dev/quotes/chapter-09-xing-jun/zu-wei-qin-fu-er-fa-zhi.jpg","教练与队员在训练场边沟通，体现信任建立先于纪律处罚","","新帅上任初期，先建立信任关系，再引入纪律与处罚机制。",""
"C:\Users\san-20250514\aisunzibingfa\content\quotes\chapter-09-xing-jun\zu-yi-qin-fu-er-fa-bu-xing\index.md","front-matter","Cover","https://pub-f9d6c3356fb44ce0b1e0f09cb4ddf49a.r2.dev/quotes/chapter-09-xing-jun/zu-yi-qin-fu-er-fa-bu-xing.jpg","短道速滑运动员在赛道上执行战术纪律","","情感亲近不能替代纪律执行，标准一致才能保证赛场执行力。",""
"C:\Users\san-20250514\aisunzibingfa\content\quotes\chapter-10-di-xing\_index.md","front-matter","Cover","placeholder/quotes.jpg","地形篇","","地形篇",""
"C:\Users\san-20250514\aisunzibingfa\content\quotes\chapter-10-di-xing\ai-xing-zhe-wo-xian-ju-zhi\index.md","front-matter","Cover","https://pub-f9d6c3356fb44ce0b1e0f09cb4ddf49a.r2.dev/quotes/chapter-10-di-xing/ai-xing-zhe-wo-xian-ju-zhi.jpg","篮球挡拆中狭窄边路的攻防博弈示意","","狭窄通道的兵力判断是战术执行的关键",""
"C:\Users\san-20250514\aisunzibingfa\content\quotes\chapter-10-di-xing\da-li-nu-er-bu-fu-yu-di-dui-er-zi-zhan\index.md","front-matter","Cover","https://pub-f9d6c3356fb44ce0b1e0f09cb4ddf49a.r2.dev/quotes/chapter-10-di-xing/da-li-nu-er-bu-fu-yu-di-dui-er-zi-zhan.jpg","短道速滑接力中核心队员情绪失控导致交接棒失误的瞬间","","核心球员擅自变阵，队友无法按预设落位，整体执行链条从内部断裂。",""
"C:\Users\san-20250514\aisunzibingfa\content\quotes\chapter-10-di-xing\di-xing-you-tong-zhe-you-gua-zhe\index.md","front-matter","Cover","https://pub-f9d6c3356fb44ce0b1e0f09cb4ddf49a.r2.dev/quotes/chapter-10-di-xing/di-xing-you-tong-zhe-you-gua-zhe.jpg","运动员在陌生场地开局试探，采集冰面温度与摩擦力等物理数据","","地形六态对应竞技体育六类场地物理条件，开局试探是采集数据、校准技术的第一步。",""
"C:\Users\san-20250514\aisunzibingfa\content\quotes\chapter-10-di-xing\fu-di-xing-zhe-bing-zhi-zhu-ye\index.md","front-matter","Cover","https://pub-f9d6c3356fb44ce0b1e0f09cb4ddf49a.r2.dev/quotes/chapter-10-di-xing/fu-di-xing-zhe-bing-zhi-zhu-ye.jpg","短道速滑选手在冰面上读取场地条件并调整战术动作","","《孙子兵法·地形篇》「夫地形者，兵之助也」在竞技体育中的物理极限维度解读：场地条件只是辅助变量，运动员的战术执行力才是可控核心。",""
"C:\Users\san-20250514\aisunzibingfa\content\quotes\chapter-10-di-xing\fu-shi-jun-yi-yi-ji-shi\index.md","front-matter","Cover","https://pub-f9d6c3356fb44ce0b1e0f09cb4ddf49a.r2.dev/quotes/chapter-10-di-xing/fu-shi-jun-yi-yi-ji-shi.jpg","短道速滑选手在均势局面下集中兵力导致局部失位","","均势下以一击十，资源约束维度揭示竞技体育中的兵力分配风险。",""
"C:\Users\san-20250514\aisunzibingfa\content\quotes\chapter-10-di-xing\gu-bing-you-zou-zhe-you-chi-zhe\index.md","front-matter","Cover","https://pub-f9d6c3356fb44ce0b1e0f09cb4ddf49a.r2.dev/quotes/chapter-10-di-xing/gu-bing-you-zou-zhe-you-chi-zhe.jpg","《孙子兵法》六败复盘框架与竞技体育赛后归因分析示意图","","六败不是宿命，而是复盘时用来定位问题的分类框架。",""
"C:\Users\san-20250514\aisunzibingfa\content\quotes\chapter-10-di-xing\gu-jin-bu-qiu-ming-tui-bu-bi-zui\index.md","front-matter","Cover","https://pub-f9d6c3356fb44ce0b1e0f09cb4ddf49a.r2.dev/quotes/chapter-10-di-xing/gu-jin-bu-qiu-ming-tui-bu-bi-zui.jpg","教练在比赛后段换下核心球员，体现进不求名退不避罪的战略决策","","竞技体育中的战略决策，往往需要在个人名声与团队长期利益之间做出选择。",""
"C:\Users\san-20250514\aisunzibingfa\content\quotes\chapter-10-di-xing\gu-zhan-dao-bi-sheng-zhu-yue-wu-zhan\index.md","front-matter","Cover","https://pub-f9d6c3356fb44ce0b1e0f09cb4ddf49a.r2.dev/quotes/chapter-10-di-xing/gu-zhan-dao-bi-sheng-zhu-yue-wu-zhan.jpg","短道速滑选手在比赛中根据体能和对手位置做出战略决策","","当专业判断显示胜算充足时，即使既定计划保守，也应果断出战。",""
"C:\Users\san-20250514\aisunzibingfa\content\quotes\chapter-10-di-xing\gu-zhi-bing-zhe-dong-er-bu-mi\index.md","front-matter","Cover","https://pub-f9d6c3356fb44ce0b1e0f09cb4ddf49a.r2.dev/quotes/chapter-10-di-xing/gu-zhi-bing-zhe-dong-er-bu-mi.jpg","教练在赛场边手持战术板向运动员布置多套预案","","执行维度的关键：赛前多套预案，临场快速切换，每次举措留有后续。",""
"C:\Users\san-20250514\aisunzibingfa\content\quotes\chapter-10-di-xing\hou-er-bu-neng-shi-ai-er-bu-neng-ling\index.md","front-matter","Cover","https://pub-f9d6c3356fb44ce0b1e0f09cb4ddf49a.r2.dev/quotes/chapter-10-di-xing/hou-er-bu-neng-shi-ai-er-bu-neng-ling.jpg","教练在训练场上向运动员强调战术执行标准","","关爱不能替代纪律，训练强度是比赛执行力的根基。",""
"C:\Users\san-20250514\aisunzibingfa\content\quotes\chapter-10-di-xing\jiang-bu-neng-liao-di-yi-shao-he-zhong\index.md","front-matter","Cover","https://pub-f9d6c3356fb44ce0b1e0f09cb4ddf49a.r2.dev/quotes/chapter-10-di-xing/jiang-bu-neng-liao-di-yi-shao-he-zhong.jpg","短道速滑选手在弯道处调整战术，体现执行中的防守反击","","竞技执行中，赛前评估偏差与缺乏精选前锋往往导致败北，及时收缩防线转入防守反击是止损关键。",""
"C:\Users\san-20250514\aisunzibingfa\content\quotes\chapter-10-di-xing\jiang-ruo-bu-yan-jiao-dao-bu-ming\index.md","front-matter","Cover","https://pub-f9d6c3356fb44ce0b1e0f09cb4ddf49a.r2.dev/quotes/chapter-10-di-xing/jiang-ruo-bu-yan-jiao-dao-bu-ming.jpg","短道速滑运动员在弯道中保持队形与执行纪律","","短道速滑的弯道超越与接力交接，考验的是教练指令清晰度与运动员执行纪律。",""
"C:\Users\san-20250514\aisunzibingfa\content\quotes\chapter-10-di-xing\ke-yi-wang-nan-yi-fan-yue-gua\index.md","front-matter","Cover","https://pub-f9d6c3356fb44ce0b1e0f09cb4ddf49a.r2.dev/quotes/chapter-10-di-xing/ke-yi-wang-nan-yi-fan-yue-gua.jpg","短道速滑选手在弯道尝试外道超越的挂形战术场景","","挂形决策核心：进攻得分后能否安全回位，决定战术价值。",""
"C:\Users\san-20250514\aisunzibingfa\content\quotes\chapter-10-di-xing\li-qiang-zu-ruo-yue-xian\index.md","front-matter","Cover","https://pub-f9d6c3356fb44ce0b1e0f09cb4ddf49a.r2.dev/quotes/chapter-10-di-xing/li-qiang-zu-ruo-yue-xian.jpg","短道速滑队员在弯道执行战术时出现失误的瞬间","","指挥层再强，执行层跟不上，整体就陷入失败结构。",""
"C:\Users\san-20250514\aisunzibingfa\content\quotes\chapter-10-di-xing\liao-di-zhi-sheng-ji-xian-e-yuan-jin\index.md","front-matter","Cover","https://pub-f9d6c3356fb44ce0b1e0f09cb4ddf49a.r2.dev/quotes/chapter-10-di-xing/liao-di-zhi-sheng-ji-xian-e-yuan-jin.jpg","短道速滑选手在弯道处进行战术卡位，体现赛前场地测算与对手评估","","赛前评估对手与场地，是体能分配与战术设计的前提。",""
"C:\Users\san-20250514\aisunzibingfa\content\quotes\chapter-10-di-xing\shi-zu-ru-ying-er-gu-ke-yu-zhi\index.md","front-matter","Cover","https://pub-f9d6c3356fb44ce0b1e0f09cb4ddf49a.r2.dev/quotes/chapter-10-di-xing/shi-zu-ru-ying-er-gu-ke-yu-zhi.jpg","教练在训练场边与运动员击掌，体现情感信任","","教练的真诚关怀转化为运动员在体能极限时的额外意志力。",""
"C:\Users\san-20250514\aisunzibingfa\content\quotes\chapter-10-di-xing\wo-chu-er-bu-li-bi-chu-er-bu-li\index.md","front-matter","Cover","https://pub-f9d6c3356fb44ce0b1e0f09cb4ddf49a.r2.dev/quotes/chapter-10-di-xing/wo-chu-er-bu-li-bi-chu-er-bu-li.jpg","羽毛球运动员在相持中判断是否跟进对手露出的破绽","","对手露出的破绽未必是机会，先算回位成本再决定是否出击。",""
"C:\Users\san-20250514\aisunzibingfa\content\quotes\chapter-10-di-xing\wo-ke-yi-wang-bi-ke-yi-lai\index.md","front-matter","Cover","https://pub-f9d6c3356fb44ce0b1e0f09cb4ddf49a.r2.dev/quotes/chapter-10-di-xing/wo-ke-yi-wang-bi-ke-yi-lai.jpg","运动员在开阔赛道上抢占内道位置并经过补给站","","通形场地上，抢占高位与保持补给线畅通是持续输出的战术基础。",""
"C:\Users\san-20250514\aisunzibingfa\content\quotes\chapter-10-di-xing\xian-xing-zhe-wo-xian-ju-zhi\index.md","front-matter","Cover","https://pub-f9d6c3356fb44ce0b1e0f09cb4ddf49a.r2.dev/quotes/chapter-10-di-xing/xian-xing-zhe-wo-xian-ju-zhi.jpg","竞技体育中先占有利位置的战术示意图","","《孙子兵法·地形篇》险形战术在网球、篮球、短道速滑中的映射",""
"C:\Users\san-20250514\aisunzibingfa\content\quotes\chapter-10-di-xing\yuan-xing-zhe-shi-jun-nan-yi-tiao-zhan\index.md","front-matter","Cover","https://pub-f9d6c3356fb44ce0b1e0f09cb4ddf49a.r2.dev/quotes/chapter-10-di-xing/yuan-xing-zhe-shi-jun-nan-yi-tiao-zhan.jpg","高尔夫选手在远距离球位选择保守过渡，体现物理极限下的竞技决策","","远形状态下，保守过渡优于强行挑战——物理极限维度的竞技智慧",""
"C:\Users\san-20250514\aisunzibingfa\content\quotes\chapter-10-di-xing\zhi-bi-zhi-ji-sheng-nai-bu-dai\index.md","front-matter","Cover","https://pub-f9d6c3356fb44ce0b1e0f09cb4ddf49a.r2.dev/quotes/chapter-10-di-xing/zhi-bi-zhi-ji-sheng-nai-bu-dai.jpg","田径选手在赛前查看赛道坡度与天气数据","","赛前把对手、自己、天气、场地四类情报整合成可执行的配速方案。",""
"C:\Users\san-20250514\aisunzibingfa\content\quotes\chapter-10-di-xing\zhi-ci-er-yong-zhan-zhe-bi-sheng\index.md","front-matter","Cover","https://pub-f9d6c3356fb44ce0b1e0f09cb4ddf49a.r2.dev/quotes/chapter-10-di-xing/zhi-ci-er-yong-zhan-zhe-bi-sheng.jpg","短道速滑运动员在弯道中保持配速节奏","","赛前对赛道地形与对手节奏的系统评估，是竞技战略执行的基础。",""
"C:\Users\san-20250514\aisunzibingfa\content\quotes\chapter-10-di-xing\zhi-wu-zu-zhi-ke-yi-ji\index.md","front-matter","Cover","https://pub-f9d6c3356fb44ce0b1e0f09cb4ddf49a.r2.dev/quotes/chapter-10-di-xing/zhi-wu-zu-zhi-ke-yi-ji.jpg","短道速滑运动员在冰面上进行赛前战术评估，背景为赛道与计时数据","","赛前评估须同时掌握本队、对手与场地三要素，缺一即「胜之半也」。",""
"C:\Users\san-20250514\aisunzibingfa\content\quotes\chapter-10-di-xing\zu-qiang-li-ruo-yue-chi\index.md","front-matter","Cover","https://pub-f9d6c3356fb44ce0b1e0f09cb4ddf49a.r2.dev/quotes/chapter-10-di-xing/zu-qiang-li-ruo-yue-chi.jpg","篮球教练在场边指挥，球员在场上等待战术指令","","当球员能力超越教练指挥，团队执行力便会陷入松散。",""
"C:\Users\san-20250514\aisunzibingfa\content\quotes\chapter-11-jiu-di\_index.md","front-matter","Cover","placeholder/quotes.jpg","九地篇","","九地篇",""
"C:\Users\san-20250514\aisunzibingfa\content\quotes\chapter-11-jiu-di\bing-shi-shen-xian-ze-bu-ju\index.md","front-matter","Cover","https://pub-f9d6c3356fb44ce0b1e0f09cb4ddf49a.r2.dev/quotes/chapter-11-jiu-di/bing-shi-shen-xian-ze-bu-ju.jpg","短道速滑选手在落后时加速超越，体现兵士甚陷则不惧的执行状态","","险境压缩杂念，执行反而更坚决——九地篇的执行悖论在冰面上重现。",""
"C:\Users\san-20250514\aisunzibingfa\content\quotes\chapter-11-jiu-di\bing-zhi-qing-zhu-su\index.md","front-matter","Cover","https://pub-f9d6c3356fb44ce0b1e0f09cb4ddf49a.r2.dev/quotes/chapter-11-jiu-di/bing-zhi-qing-zhu-su.jpg","短道速滑选手在相持阶段突然加速超越对手","","相持阶段对手节奏波动时突然提速，是执行维度的关键窗口。",""
"C:\Users\san-20250514\aisunzibingfa\content\quotes\chapter-11-jiu-di\di-ren-kai-he\index.md","front-matter","Cover","https://pub-f9d6c3356fb44ce0b1e0f09cb4ddf49a.r2.dev/quotes/chapter-11-jiu-di/di-ren-kai-he.jpg","短道速滑选手在弯道中捕捉对手漏洞完成超越","","快节奏竞技中，漏洞窗口稍纵即逝，执行速度决定得分。",""
"C:\Users\san-20250514\aisunzibingfa\content\quotes\chapter-11-jiu-di\fan-wei-ke-zhi-dao\index.md","front-matter","Cover","https://pub-f9d6c3356fb44ce0b1e0f09cb4ddf49a.r2.dev/quotes/chapter-11-jiu-di/fan-wei-ke-zhi-dao.jpg","运动员在客场训练场进行节奏固定的赛前训练","","客场作战先固定节奏、就地取材、保存体力、隐藏意图，是《九地篇》对执行维度的核心要求。",""
"C:\Users\san-20250514\aisunzibingfa\content\quotes\chapter-11-jiu-di\fan-wei-ke-zhi-dao-shen-ze-zhuan\index.md","front-matter","Cover","https://pub-f9d6c3356fb44ce0b1e0f09cb4ddf49a.r2.dev/quotes/chapter-11-jiu-di/fan-wei-ke-zhi-dao-shen-ze-zhuan.jpg","短道速滑选手在比赛中专注滑行","","比赛纵深越深，选手专注度越高，浅层试探阶段反而容易涣散。",""
"C:\Users\san-20250514\aisunzibingfa\content\quotes\chapter-11-jiu-di\fan-zhi-yi-shi\index.md","front-matter","Cover","https://pub-f9d6c3356fb44ce0b1e0f09cb4ddf49a.r2.dev/quotes/chapter-11-jiu-di/fan-zhi-yi-shi.jpg","短道速滑运动员在比赛中专注执行交接任务","","「犯之以事，勿告以言」——让运动员专注可执行的动作与节奏，而非全部战术意图。",""
"C:\Users\san-20250514\aisunzibingfa\content\quotes\chapter-11-jiu-di\fu-ba-wang-zhi-bing\index.md","front-matter","Cover","https://pub-f9d6c3356fb44ce0b1e0f09cb4ddf49a.r2.dev/quotes/chapter-11-jiu-di/fu-ba-wang-zhi-bing.jpg","短道速滑选手在弯道内道封锁对手路线，体现战术威慑与节奏剥夺","","短道速滑中的内道封锁，是「其众不得聚」在冰面上的直接体现。",""
"C:\Users\san-20250514\aisunzibingfa\content\quotes\chapter-11-jiu-di\fu-zhong-xian-yu-hai\index.md","front-matter","Cover","https://pub-f9d6c3356fb44ce0b1e0f09cb4ddf49a.r2.dev/quotes/chapter-11-jiu-di/fu-zhong-xian-yu-hai.jpg","短道速滑选手在决胜圈并行冲刺的瞬间","","实力接近时，险境中的执行质量决定胜负。",""
"C:\Users\san-20250514\aisunzibingfa\content\quotes\chapter-11-jiu-di\gan-wen-bing-ke-shi-ru-shuai-ran-hu\index.md","front-matter","Cover","https://pub-f9d6c3356fb44ce0b1e0f09cb4ddf49a.r2.dev/quotes/chapter-11-jiu-di/gan-wen-bing-ke-shi-ru-shuai-ran-hu.jpg","短道速滑接力队员在弯道交接时伸手协同","","短道速滑接力中，交接瞬间的同步与补位，正是「率然」首尾相救的现代竞技写照。",""
"C:\Users\san-20250514\aisunzibingfa\content\quotes\chapter-11-jiu-di\gan-wen-di-zhong-zheng-er-jiang-lai\index.md","front-matter","Cover","https://pub-f9d6c3356fb44ce0b1e0f09cb4ddf49a.r2.dev/quotes/chapter-11-jiu-di/gan-wen-di-zhong-zheng-er-jiang-lai.jpg","篮球比赛中防守球员包夹对方组织核心的战术执行瞬间","","当对手整体占优时，优先限制其组织核心，切断得分来源。",""
"C:\Users\san-20250514\aisunzibingfa\content\quotes\chapter-11-jiu-di\gu-bing-zhi-qing\index.md","front-matter","Cover","https://pub-f9d6c3356fb44ce0b1e0f09cb4ddf49a.r2.dev/quotes/chapter-11-jiu-di/gu-bing-zhi-qing.jpg","短道速滑选手在落后弯道中奋力超越，体现绝境中的执行与服从","","《孙子兵法·九地篇》揭示的士兵心理规律，在短道速滑、冰壶、赛艇等项目中同样适用于落后局面的执行管理。",""
"C:\Users\san-20250514\aisunzibingfa\content\quotes\chapter-11-jiu-di\gu-shan-yong-bing-zhe-pi-ru-shuai-ran\index.md","front-matter","Cover","https://pub-f9d6c3356fb44ce0b1e0f09cb4ddf49a.r2.dev/quotes/chapter-11-jiu-di/gu-shan-yong-bing-zhe-pi-ru-shuai-ran.jpg","短道速滑接力队员在弯道处自动补位交接","","局部被突破时，相邻位置按预设轮转自动补位，形成整体联动防守。",""
"C:\Users\san-20250514\aisunzibingfa\content\quotes\chapter-11-jiu-di\gu-shan-yong-bing-zhe-xie-shou-ruo-shi-yi-ren\index.md","front-matter","Cover","https://pub-f9d6c3356fb44ce0b1e0f09cb4ddf49a.r2.dev/quotes/chapter-11-jiu-di/gu-shan-yong-bing-zhe-xie-shou-ruo-shi-yi-ren.jpg","短道速滑接力队员在弯道交接时高度同步","","压力情境下，短道速滑接力交接要求两名队员像一个人完成速度与路线的同步。",""
"C:\Users\san-20250514\aisunzibingfa\content\quotes\chapter-11-jiu-di\gu-wei-bing-zhi-shi\index.md","front-matter","Cover","https://pub-f9d6c3356fb44ce0b1e0f09cb4ddf49a.r2.dev/quotes/chapter-11-jiu-di/gu-wei-bing-zhi-shi.jpg","短道速滑选手在弯道集中超越对手的瞬间","","僵持阶段不拼全面，集中体能和战术打穿对手最弱一点。",""
"C:\Users\san-20250514\aisunzibingfa\content\quotes\chapter-11-jiu-di\he-yu-li-er-dong\index.md","front-matter","Cover","https://pub-f9d6c3356fb44ce0b1e0f09cb4ddf49a.r2.dev/quotes/chapter-11-jiu-di/he-yu-li-er-dong.jpg","短道速滑运动员在弯道判断是否超越的瞬间","","短道速滑中，一次超越是否值得做，取决于投入与回报的比较。",""
"C:\Users\san-20250514\aisunzibingfa\content\quotes\chapter-11-jiu-di\ji-zhan-ze-cun\index.md","front-matter","Cover","https://pub-f9d6c3356fb44ce0b1e0f09cb4ddf49a.r2.dev/quotes/chapter-11-jiu-di/ji-zhan-ze-cun.jpg","短道速滑选手在末圈外道加速超越的瞬间","","死地疾战不是盲目加速，而是在对手失误率上升的窗口集中释放体能。",""
"C:\Users\san-20250514\aisunzibingfa\content\quotes\chapter-11-jiu-di\jian-mo-sui-di\index.md","front-matter","Cover","https://pub-f9d6c3356fb44ce0b1e0f09cb4ddf49a.r2.dev/quotes/chapter-11-jiu-di/jian-mo-sui-di.jpg","短道速滑选手在比赛中根据对手位置实时调整滑行路线","","执行不是死守计划，而是在对抗中依据对手反应持续微调。",""
"C:\Users\san-20250514\aisunzibingfa\content\quotes\chapter-11-jiu-di\jiang-jun-zhi-shi\index.md","front-matter","Cover","https://pub-f9d6c3356fb44ce0b1e0f09cb4ddf49a.r2.dev/quotes/chapter-11-jiu-di/jiang-jun-zhi-shi.jpg","短道速滑教练在冰场边冷静指挥队员执行战术","","《孙子兵法·九地篇》「静以幽，正以治」在奥运赛场上的执行映射：教练冷静、规则公正、动作有序。",""
"C:\Users\san-20250514\aisunzibingfa\content\quotes\chapter-11-jiu-di\jin-xiang-qu-yi\index.md","front-matter","Cover","https://pub-f9d6c3356fb44ce0b1e0f09cb4ddf49a.r2.dev/quotes/chapter-11-jiu-di/jin-xiang-qu-yi.jpg","运动员在赛前进行固定准备动作，体现执行维度的心理稳定","","赛前固定流程可提供心理稳定，但需避免形成仪式依赖。",""
"C:\Users\san-20250514\aisunzibingfa\content\quotes\chapter-11-jiu-di\jiu-di-zhi-bian\index.md","front-matter","Cover","https://pub-f9d6c3356fb44ce0b1e0f09cb4ddf49a.r2.dev/quotes/chapter-11-jiu-di/jiu-di-zhi-bian.jpg","短道速滑选手在弯道中调整节奏与身位","","比赛中根据比分与对手位置主动切换攻防节奏，是屈伸之利的现代竞技体现。",""
"C:\Users\san-20250514\aisunzibingfa\content\quotes\chapter-11-jiu-di\ju-san-jun-zhi-zhong\index.md","front-matter","Cover","https://pub-f9d6c3356fb44ce0b1e0f09cb4ddf49a.r2.dev/quotes/chapter-11-jiu-di/ju-san-jun-zhi-zhong.jpg","短道速滑队员在弯道处紧密配合执行战术","","高压下的统一执行，是绝境反击的起点。",""
"C:\Users\san-20250514\aisunzibingfa\content\quotes\chapter-11-jiu-di\ling-fa-zhi-ri\index.md","front-matter","Cover","https://pub-f9d6c3356fb44ce0b1e0f09cb4ddf49a.r2.dev/quotes/chapter-11-jiu-di/ling-fa-zhi-ri.jpg","运动员在赛前热身区情绪激动，泪水滑落","","赛前情绪释放不是软弱，而是执行前的心理整备。",""
"C:\Users\san-20250514\aisunzibingfa\content\quotes\chapter-11-jiu-di\neng-yu-shi-zu-zhi-er-mu\index.md","front-matter","Cover","https://pub-f9d6c3356fb44ce0b1e0f09cb4ddf49a.r2.dev/quotes/chapter-11-jiu-di/neng-yu-shi-zu-zhi-er-mu.jpg","教练在赛场边向运动员分层传递战术指令的场景","","信息分层不是隐瞒，而是让执行者只背负当前任务所需的认知负荷。",""
"C:\Users\san-20250514\aisunzibingfa\content\quotes\chapter-11-jiu-di\qu-guo-yue-jing-er-shi-zhe\index.md","front-matter","Cover","https://pub-f9d6c3356fb44ce0b1e0f09cb4ddf49a.r2.dev/quotes/chapter-11-jiu-di/qu-guo-yue-jing-er-shi-zhe.jpg","短道速滑选手在弯道处判断场地与位置","","同一支队伍在不同场地与赛程位置下，需要用不同的节奏与风险等级应对。",""
"C:\Users\san-20250514\aisunzibingfa\content\quotes\chapter-11-jiu-di\ru-ren-zhi-di-er-bu-shen-zhe\index.md","front-matter","Cover","https://pub-f9d6c3356fb44ce0b1e0f09cb4ddf49a.r2.dev/quotes/chapter-11-jiu-di/ru-ren-zhi-di-er-bu-shen-zhe.jpg","冰壶比赛中选手在客场环境下控制节奏与防守布局","","客场作战但局面尚不紧迫时，先稳固防守、控制节奏，再寻找反击窗口。",""
"C:\Users\san-20250514\aisunzibingfa\content\quotes\chapter-11-jiu-di\ru-ren-zhi-di-shen\index.md","front-matter","Cover","https://pub-f9d6c3356fb44ce0b1e0f09cb4ddf49a.r2.dev/quotes/chapter-11-jiu-di/ru-ren-zhi-di-shen.jpg","短道速滑选手在对手节奏压制下寻找变线机会","","当比赛进入对手节奏区，选手的调整空间被大幅压缩，重地战术成为脱困关键。",""
"C:\Users\san-20250514\aisunzibingfa\content\quotes\chapter-11-jiu-di\shan-lin-xian-zu-ju-ze\index.md","front-matter","Cover","https://pub-f9d6c3356fb44ce0b1e0f09cb4ddf49a.r2.dev/quotes/chapter-11-jiu-di/shan-lin-xian-zu-ju-ze.jpg","短道速滑运动员在冰面破损的赛道上谨慎过弯","","冰面破损如同圮地，战术调整优先于技术发挥",""
"C:\Users\san-20250514\aisunzibingfa\content\quotes\chapter-11-jiu-di\shi-gu-bu-zheng-tian-xia-zhi-jiao\index.md","front-matter","Cover","https://pub-f9d6c3356fb44ce0b1e0f09cb4ddf49a.r2.dev/quotes/chapter-11-jiu-di/shi-gu-bu-zheng-tian-xia-zhi-jiao.jpg","短道速滑选手在内道持续施压，对手被迫封堵","","不借外势，以自身最强点持续施压，对手应对空间被压缩。",""
"C:\Users\san-20250514\aisunzibingfa\content\quotes\chapter-11-jiu-di\shi-gu-bu-zhi-zhu-hou-zhi-mou-zhe\index.md","front-matter","Cover","https://pub-f9d6c3356fb44ce0b1e0f09cb4ddf49a.r2.dev/quotes/chapter-11-jiu-di/shi-gu-bu-zhi-zhu-hou-zhi-mou-zhe.jpg","短道速滑选手在赛前观察冰面与对手热身，教练在场边记录情报","","《九地篇》提醒：不知对手、不知地形、不用向导，战术执行就会失去支点。",""
"C:\Users\san-20250514\aisunzibingfa\content\quotes\chapter-11-jiu-di\shi-gu-fang-ma-mai-lun\index.md","front-matter","Cover","https://pub-f9d6c3356fb44ce0b1e0f09cb4ddf49a.r2.dev/quotes/chapter-11-jiu-di/shi-gu-fang-ma-mai-lun.jpg","短道速滑选手在赛道上按战术角色配合滑行","","战术安排不是捆住队员，而是让不同特点的选手在体系中各司其职。",""
"C:\Users\san-20250514\aisunzibingfa\content\quotes\chapter-11-jiu-di\shi-gu-qi-bing-bu-xiu-er-jie\index.md","front-matter","Cover","https://pub-f9d6c3356fb44ce0b1e0f09cb4ddf49a.r2.dev/quotes/chapter-11-jiu-di/shi-gu-qi-bing-bu-xiu-er-jie.jpg","短道速滑接力队员在弯道交接瞬间的默契配合","","高压局面下，团队执行力从刻意控制转为自动运行，这正是「不修而戒」的竞技写照。",""
"C:\Users\san-20250514\aisunzibingfa\content\quotes\chapter-11-jiu-di\shi-gu-san-di-wu-jiang-yi-qi-zhi\index.md","front-matter","Cover","https://pub-f9d6c3356fb44ce0b1e0f09cb4ddf49a.r2.dev/quotes/chapter-11-jiu-di/shi-gu-san-di-wu-jiang-yi-qi-zhi.jpg","短道速滑选手在弯道处调整战术位置，体现九地战术指令的动态切换","","短道速滑比赛中，选手需根据领先、胶着、落后等不同局面切换战术指令",""
"C:\Users\san-20250514\aisunzibingfa\content\quotes\chapter-11-jiu-di\shi-gu-san-di-ze-wu-zhan\index.md","front-matter","Cover","https://pub-f9d6c3356fb44ce0b1e0f09cb4ddf49a.r2.dev/quotes/chapter-11-jiu-di/shi-gu-san-di-ze-wu-zhan.jpg","短道速滑选手在弯道处判断战术态势","","散地无战，死地则战：竞技赛场上的九种态势对应九种战术指令。",""
"C:\Users\san-20250514\aisunzibingfa\content\quotes\chapter-11-jiu-di\shi-gu-shi-ru-chu-nu\index.md","front-matter","Cover","https://pub-f9d6c3356fb44ce0b1e0f09cb4ddf49a.r2.dev/quotes/chapter-11-jiu-di/shi-gu-shi-ru-chu-nu.jpg","短道速滑选手在弯道处突然加速超越对手的瞬间","","前段沉静蓄势，末段突然提速，是执行维度中最具杀伤力的节奏突变。",""
"C:\Users\san-20250514\aisunzibingfa\content\quotes\chapter-11-jiu-di\shi-gu-zheng-ju-zhi-ri\index.md","front-matter","Cover","https://pub-f9d6c3356fb44ce0b1e0f09cb4ddf49a.r2.dev/quotes/chapter-11-jiu-di/shi-gu-zheng-ju-zhi-ri.jpg","短道速滑运动员在赛前进行战术推演与执行准备","","赛前封关推演，临场只做确认不做发明",""
"C:\Users\san-20250514\aisunzibingfa\content\quotes\chapter-11-jiu-di\shi-wu-fa-zhi-shang\index.md","front-matter","Cover","https://pub-f9d6c3356fb44ce0b1e0f09cb4ddf49a.r2.dev/quotes/chapter-11-jiu-di/shi-wu-fa-zhi-shang.jpg","短道速滑选手在弯道交接瞬间，展现团队执行统一如一人","","非常规调整打破惯性，重新统一全队目标——短道速滑接力中的临场换棒是「若使一人」的典型场景。",""
"C:\Users\san-20250514\aisunzibingfa\content\quotes\chapter-11-jiu-di\shuai-yu-zhi-qi\index.md","front-matter","Cover","https://pub-f9d6c3356fb44ce0b1e0f09cb4ddf49a.r2.dev/quotes/chapter-11-jiu-di/shuai-yu-zhi-qi.jpg","短道速滑选手在弯道加速，身后冰面留下清晰轨迹","","无退路情境下的执行加速：短道速滑选手在最后一圈选择外道超越。",""
"C:\Users\san-20250514\aisunzibingfa\content\quotes\chapter-11-jiu-di\shuai-yu-zhi-shen-ru-zhu-hou-zhi-di\index.md","front-matter","Cover","https://pub-f9d6c3356fb44ce0b1e0f09cb4ddf49a.r2.dev/quotes/chapter-11-jiu-di/shuai-yu-zhi-shen-ru-zhu-hou-zhi-di.jpg","短道速滑选手在弯道中执行教练指令的瞬间","","短道速滑比赛中，选手在高速弯道中执行短指令，注意力高度集中。",""
"C:\Users\san-20250514\aisunzibingfa\content\quotes\chapter-11-jiu-di\si-wu-zhe-bu-zhi-yi\index.md","front-matter","Cover","https://pub-f9d6c3356fb44ce0b1e0f09cb4ddf49a.r2.dev/quotes/chapter-11-jiu-di/si-wu-zhe-bu-zhi-yi.jpg","短道速滑选手在弯道处观察对手位置，体现赛前情报与战术执行的关系","","《孙子兵法·九地篇》「四五者，不知一，非霸王之兵也」——赛前情报缺一项，战术执行就多一个缺口。",""
"C:\Users\san-20250514\aisunzibingfa\content\quotes\chapter-11-jiu-di\suo-wei-gu-zhi-shan-yong-bing-zhe\index.md","front-matter","Cover","https://pub-f9d6c3356fb44ce0b1e0f09cb4ddf49a.r2.dev/quotes/chapter-11-jiu-di/suo-wei-gu-zhi-shan-yong-bing-zhe.jpg","短道速滑选手在弯道处加速施压，对手阵型前后脱节","","通过节奏变化与局部压迫，使对手前后不相及，是战术执行的高级形态。",""
"C:\Users\san-20250514\aisunzibingfa\content\quotes\chapter-11-jiu-di\suo-you-ru-zhe-ai\index.md","front-matter","Cover","https://pub-f9d6c3356fb44ce0b1e0f09cb4ddf49a.r2.dev/quotes/chapter-11-jiu-di/suo-you-ru-zhe-ai.jpg","篮球进攻方在对手压缩防守下寻找空间通道","","当入口狭窄、退路迂回，人数优势不等于得分优势。",""
"C:\Users\san-20250514\aisunzibingfa\content\quotes\chapter-11-jiu-di\tou-zhi-wang-di-ran-hou-cun\index.md","front-matter","Cover","https://pub-f9d6c3356fb44ce0b1e0f09cb4ddf49a.r2.dev/quotes/chapter-11-jiu-di/tou-zhi-wang-di-ran-hou-cun.jpg","短道速滑选手在淘汰赛起跑线上准备出发","","短道速滑淘汰赛中，选手在无退路情境下全力执行起跑战术。",""
"C:\Users\san-20250514\aisunzibingfa\content\quotes\chapter-11-jiu-di\tou-zhi-wu-suo-wang\index.md","front-matter","Cover","https://pub-f9d6c3356fb44ce0b1e0f09cb4ddf49a.r2.dev/quotes/chapter-11-jiu-di/tou-zhi-wu-suo-wang.jpg","短道速滑选手在无退路的最后一圈弯道中全力压步","","无退路情境下，执行链的稳定性决定比赛结果。",""
"C:\Users\san-20250514\aisunzibingfa\content\quotes\chapter-11-jiu-di\tou-zhi-wu-suo-wang-zhe\index.md","front-matter","Cover","https://pub-f9d6c3356fb44ce0b1e0f09cb4ddf49a.r2.dev/quotes/chapter-11-jiu-di/tou-zhi-wu-suo-wang-zhe.jpg","运动员在高压比赛环境中执行关键动作","","无退路情境下的执行勇气，是训练中反复模拟的结果，而非赛场上的临时爆发。",""
"C:\Users\san-20250514\aisunzibingfa\content\quotes\chapter-11-jiu-di\wo-de-ze-li\index.md","front-matter","Cover","https://pub-f9d6c3356fb44ce0b1e0f09cb4ddf49a.r2.dev/quotes/chapter-11-jiu-di/wo-de-ze-li.jpg","短道速滑选手在弯道内道争夺关键位置","","双方都想要的争地，先看成功率，再决定抢攻还是过渡。",""
"C:\Users\san-20250514\aisunzibingfa\content\quotes\chapter-11-jiu-di\wo-ke-yi-wang\index.md","front-matter","Cover","https://pub-f9d6c3356fb44ce0b1e0f09cb4ddf49a.r2.dev/quotes/chapter-11-jiu-di/wo-ke-yi-wang.jpg","击剑选手在交地局面中相持对攻的瞬间","","交地局面下，双方攻防机会均等，先改变节奏者先打破僵局。",""
"C:\Users\san-20250514\aisunzibingfa\content\quotes\chapter-11-jiu-di\wu-shi-wu-yu-cai\index.md","front-matter","Cover","https://pub-f9d6c3356fb44ce0b1e0f09cb4ddf49a.r2.dev/quotes/chapter-11-jiu-di/wu-shi-wu-yu-cai.jpg","短道速滑选手在接力生死阶段放弃个人数据，执行团队战术","","生死阶段，选手主动放弃个人数据，把资源押在团队结果上。",""
"C:\Users\san-20250514\aisunzibingfa\content\quotes\chapter-11-jiu-di\xian-qi-suo-ai\index.md","front-matter","Cover","https://pub-f9d6c3356fb44ce0b1e0f09cb4ddf49a.r2.dev/quotes/chapter-11-jiu-di/xian-qi-suo-ai.jpg","短道速滑运动员在弯道处变速超越对手，体现先其所爱与微与之期的执行策略","","短道速滑中率先占据内道并突然变速，是「先其所爱，微与之期」在竞技执行中的典型体现。",""
"C:\Users\san-20250514\aisunzibingfa\content\quotes\chapter-11-jiu-di\yi-qi-ju-yu-qi-tu\index.md","front-matter","Cover","https://pub-f9d6c3356fb44ce0b1e0f09cb4ddf49a.r2.dev/quotes/chapter-11-jiu-di/yi-qi-ju-yu-qi-tu.jpg","短道速滑选手在弯道中变换路线，体现执行维度中的路线欺骗","","短道速滑弯道变线是「易其居，迂其途」在现代竞技中的典型执行场景。",""
"C:\Users\san-20250514\aisunzibingfa\content\quotes\chapter-11-jiu-di\yi-qi-shi-ge-qi-mou\index.md","front-matter","Cover","https://pub-f9d6c3356fb44ce0b1e0f09cb4ddf49a.r2.dev/quotes/chapter-11-jiu-di/yi-qi-shi-ge-qi-mou.jpg","短道速滑选手在弯道处调整线路，体现战术变招与节奏控制","","执行维度的核心：变的是局部手段，不变的是整体节奏。",""
"C:\Users\san-20250514\aisunzibingfa\content\quotes\chapter-11-jiu-di\yong-bing-zhi-fa\index.md","front-matter","Cover","https://pub-f9d6c3356fb44ce0b1e0f09cb4ddf49a.r2.dev/quotes/chapter-11-jiu-di/yong-bing-zhi-fa.jpg","短道速滑选手在弯道处进行战术位置争夺","","短道速滑中的位置争夺，是「争地」与「重地」的典型竞技映射。",""
"C:\Users\san-20250514\aisunzibingfa\content\quotes\chapter-11-jiu-di\zhu-hou-zhi-di-san-shu\index.md","front-matter","Cover","https://pub-f9d6c3356fb44ce0b1e0f09cb4ddf49a.r2.dev/quotes/chapter-11-jiu-di/zhu-hou-zhi-di-san-shu.jpg","短道速滑选手在资格赛首轮抢占内道位置","","多方同场的资格赛首轮，先占据有利位置者往往掌握后续战术主动权。",""
"C:\Users\san-20250514\aisunzibingfa\content\quotes\chapter-11-jiu-di\zhu-hou-zi-zhan-qi-di-zhe\index.md","front-matter","Cover","https://pub-f9d6c3356fb44ce0b1e0f09cb4ddf49a.r2.dev/quotes/chapter-11-jiu-di/zhu-hou-zi-zhan-qi-di-zhe.jpg","短道速滑运动员在主场冰面上准备起跑，看台观众模糊成背景","","主场观众既是动力也是负荷，散地战术要求运动员把注意力从看台拉回冰面。",""
"C:\Users\san-20250514\aisunzibingfa\content\quotes\chapter-12-huo-gong\_index.md","front-matter","Cover","placeholder/quotes.jpg","火攻篇","","火攻篇",""
"C:\Users\san-20250514\aisunzibingfa\content\quotes\chapter-12-huo-gong\fa-huo-you-shi\index.md","front-matter","Cover","https://pub-f9d6c3356fb44ce0b1e0f09cb4ddf49a.r2.dev/quotes/chapter-12-huo-gong/fa-huo-you-shi.jpg","短道速滑选手在弯道处集中发力超越对手的瞬间","","执行维度的核心不是全程用力，而是在节奏转折点集中投放资源。",""
"C:\Users\san-20250514\aisunzibingfa\content\quotes\chapter-12-huo-gong\fan-ci-si-su-zhe\index.md","front-matter","Cover","https://pub-f9d6c3356fb44ce0b1e0f09cb4ddf49a.r2.dev/quotes/chapter-12-huo-gong/fan-ci-si-su-zhe.jpg","短道速滑选手在冰面上观察环境变化并调整技术动作","","环境变量的临界节点如同四宿之风，选手须在窗口关闭前完成动作调整。",""
"C:\Users\san-20250514\aisunzibingfa\content\quotes\chapter-12-huo-gong\fan-huo-gong-bi-yin-wu-huo-zhi-bian-er-ying-zhi\index.md","front-matter","Cover","https://pub-f9d6c3356fb44ce0b1e0f09cb4ddf49a.r2.dev/quotes/chapter-12-huo-gong/fan-huo-gong-bi-yin-wu-huo-zhi-bian-er-ying-zhi.jpg","网球运动员在比赛中调整站位准备回球","","对手攻击模式变化时，站位与回球路线的同步调整是战术响应的关键。",""
"C:\Users\san-20250514\aisunzibingfa\content\quotes\chapter-12-huo-gong\fan-huo-gong-you-wu\index.md","front-matter","Cover","https://pub-f9d6c3356fb44ce0b1e0f09cb4ddf49a.r2.dev/quotes/chapter-12-huo-gong/fan-huo-gong-you-wu.jpg","《孙子兵法》火攻篇五类目标与竞技体育战略打击点示意","","火攻五种目标类型映射到竞技体育中的五层弱点扫描框架",""
"C:\Users\san-20250514\aisunzibingfa\content\quotes\chapter-12-huo-gong\fan-jun-bi-zhi-you-wu-huo-zhi-bian\index.md","front-matter","Cover","https://pub-f9d6c3356fb44ce0b1e0f09cb4ddf49a.r2.dev/quotes/chapter-12-huo-gong/fan-jun-bi-zhi-you-wu-huo-zhi-bian.jpg","排球比赛中教练与球员在关键分前查看统计数据的场景","","以数守之：用统计与复盘约束关键分执行",""
"C:\Users\san-20250514\aisunzibingfa\content\quotes\chapter-12-huo-gong\fei-li-bu-dong\index.md","front-matter","Cover","https://pub-f9d6c3356fb44ce0b1e0f09cb4ddf49a.r2.dev/quotes/chapter-12-huo-gong/fei-li-bu-dong.jpg","马拉松选手在比赛中跟随跑，体现非利不动非得不用非危不战的战略克制","","马拉松与短道速滑中的跟随战术，是「非利不动，非得不用，非危不战」的现代竞技体现。",""
"C:\Users\san-20250514\aisunzibingfa\content\quotes\chapter-12-huo-gong\fu-zhan-sheng-gong-qu\index.md","front-matter","Cover","https://pub-f9d6c3356fb44ce0b1e0f09cb4ddf49a.r2.dev/quotes/chapter-12-huo-gong/fu-zhan-sheng-gong-qu.jpg","马拉松运动员在领先阶段进行补给与配速控制的竞技场景","","领先不是终点，巩固成果才是战略复盘的核心。",""
"C:\Users\san-20250514\aisunzibingfa\content\quotes\chapter-12-huo-gong\gu-ming-jun-shen-zhi\index.md","front-matter","Cover","https://pub-f9d6c3356fb44ce0b1e0f09cb4ddf49a.r2.dev/quotes/chapter-12-huo-gong/gu-ming-jun-shen-zhi.jpg","冰壶运动员在比赛中审慎决策的瞬间","","冰壶比赛中的每一次投壶都体现着战略审慎与风险控制",""
"C:\Users\san-20250514\aisunzibingfa\content\quotes\chapter-12-huo-gong\gu-yi-huo-zuo-gong-zhe-ming\index.md","front-matter","Cover","https://pub-f9d6c3356fb44ce0b1e0f09cb4ddf49a.r2.dev/quotes/chapter-12-huo-gong/gu-yi-huo-zuo-gong-zhe-ming.jpg","竞技体育中运动员借助外部条件发动进攻的场景","","借势而攻，事半功倍；硬拼体能，事倍功半。",""
"C:\Users\san-20250514\aisunzibingfa\content\quotes\chapter-12-huo-gong\he-yu-li-er-dong\index.md","front-matter","Cover","https://pub-f9d6c3356fb44ce0b1e0f09cb4ddf49a.r2.dev/quotes/chapter-12-huo-gong/he-yu-li-er-dong.jpg","短道速滑选手在弯道处评估超越时机","","短道速滑比赛中，选手需实时评估超越的收益与风险，有利则动，无利则止。",""
"C:\Users\san-20250514\aisunzibingfa\content\quotes\chapter-12-huo-gong\huo-fa-bing-jing-zhe\index.md","front-matter","Cover","https://pub-f9d6c3356fb44ce0b1e0f09cb4ddf49a.r2.dev/quotes/chapter-12-huo-gong/huo-fa-bing-jing-zhe.jpg","排球二传手在网前观察对方拦网站位准备决策","","二传手根据拦网站位决定快攻或过渡，体现「可从而从之，不可从而止」的执行原则。",""
"C:\Users\san-20250514\aisunzibingfa\content\quotes\chapter-12-huo-gong\huo-fa-shang-feng\index.md","front-matter","Cover","https://pub-f9d6c3356fb44ce0b1e0f09cb4ddf49a.r2.dev/quotes/chapter-12-huo-gong/huo-fa-shang-feng.jpg","冰壶运动员在冰面上观察壶位与旋转方向，体现位置优势与执行时机","","占据有利位置再执行，比逆势强攻更高效",""
"C:\Users\san-20250514\aisunzibingfa\content\quotes\chapter-12-huo-gong\huo-fa-yu-nei\index.md","front-matter","Cover","https://pub-f9d6c3356fb44ce0b1e0f09cb4ddf49a.r2.dev/quotes/chapter-12-huo-gong/huo-fa-yu-nei.jpg","羽毛球双打选手同步移动接应示意图","","内部发起与外部接应同步，是双打与接力项目的执行核心。",""
"C:\Users\san-20250514\aisunzibingfa\content\quotes\chapter-12-huo-gong\huo-ke-fa-yu-wai\index.md","front-matter","Cover","https://pub-f9d6c3356fb44ce0b1e0f09cb4ddf49a.r2.dev/quotes/chapter-12-huo-gong/huo-ke-fa-yu-wai.jpg","足球运动员在禁区外远射，冰壶运动员独立击打，跳台滑雪选手起跳瞬间","","外部发起、独立执行——远射、冰壶击打与跳台滑雪起跳的共同逻辑。",""
"C:\Users\san-20250514\aisunzibingfa\content\quotes\chapter-12-huo-gong\ming-zhu-lv-zhi\index.md","front-matter","Cover","https://pub-f9d6c3356fb44ce0b1e0f09cb4ddf49a.r2.dev/quotes/chapter-12-huo-gong/ming-zhu-lv-zhi.jpg","短道速滑选手在赛前进行战术讨论与状态评估","","赛前评估是竞技战略的第一道防线，决定比赛中的每一个关键决策。",""
"C:\Users\san-20250514\aisunzibingfa\content\quotes\chapter-12-huo-gong\nu-ke-yi-fu-xi\index.md","front-matter","Cover","https://pub-f9d6c3356fb44ce0b1e0f09cb4ddf49a.r2.dev/quotes/chapter-12-huo-gong/nu-ke-yi-fu-xi.jpg","短道速滑选手在弯道处保持冷静与战术纪律","","情绪可以恢复，但比赛中的不可逆后果无法重来，战略重心在于赛前预防与赛中熔断。",""
"C:\Users\san-20250514\aisunzibingfa\content\quotes\chapter-12-huo-gong\shi-zhe-tian-zhi-zao-ye\index.md","front-matter","Cover","https://pub-f9d6c3356fb44ce0b1e0f09cb4ddf49a.r2.dev/quotes/chapter-12-huo-gong/shi-zhe-tian-zhi-zao-ye.jpg","运动员在干燥炎热气候下进行田径比赛，体现物理极限与执行维度","","气候与时间窗口是竞技执行中不可忽视的物理极限",""
"C:\Users\san-20250514\aisunzibingfa\content\quotes\chapter-12-huo-gong\shui-ke-yi-jue\index.md","front-matter","Cover","https://pub-f9d6c3356fb44ce0b1e0f09cb4ddf49a.r2.dev/quotes/chapter-12-huo-gong/shui-ke-yi-jue.jpg","水可以绝不可以夺——竞技防守与进攻的资源约束示意图","","《孙子兵法·火攻篇》「水可以绝，不可以夺」在竞技体育中的资源约束解读。",""
"C:\Users\san-20250514\aisunzibingfa\content\quotes\chapter-12-huo-gong\xing-huo-bi-you-yin\index.md","front-matter","Cover","https://pub-f9d6c3356fb44ce0b1e0f09cb4ddf49a.r2.dev/quotes/chapter-12-huo-gong/xing-huo-bi-you-yin.jpg","短道速滑运动员在赛前检查冰刀与装备，体现执行维度的资源约束","","赛前对装备与体能的准备，决定比赛中战术执行的成功率。",""
"C:\Users\san-20250514\aisunzibingfa\content\quotes\chapter-12-huo-gong\zhou-feng-jiu\index.md","front-matter","Cover","https://pub-f9d6c3356fb44ce0b1e0f09cb4ddf49a.r2.dev/quotes/chapter-12-huo-gong/zhou-feng-jiu.jpg","高尔夫球手在午后风力减弱时调整球杆选择","","风力由强渐弱时，提前调整器材与动作是执行维度的关键决策。",""
"C:\Users\san-20250514\aisunzibingfa\content\quotes\chapter-12-huo-gong\zhu-bu-ke-yi-nu-er-xing-shi\index.md","front-matter","Cover","https://pub-f9d6c3356fb44ce0b1e0f09cb4ddf49a.r2.dev/quotes/chapter-12-huo-gong/zhu-bu-ke-yi-nu-er-xing-shi.jpg","短道速滑选手在比赛中保持冷静执行战术","","情绪失控是战术执行的最大敌人，冷静评估才能掌握战略主动权。",""
"C:\Users\san-20250514\aisunzibingfa\content\quotes\chapter-13-yong-jian\_index.md","front-matter","Cover","placeholder/quotes.jpg","用间篇","","用间篇",""
"C:\Users\san-20250514\aisunzibingfa\content\quotes\chapter-13-yong-jian\bi-suo-di-ren-zhi-jian-lai-jian-wo-zhe\index.md","front-matter","Cover","https://pub-f9d6c3356fb44ce0b1e0f09cb4ddf49a.r2.dev/quotes/chapter-13-yong-jian/bi-suo-di-ren-zhi-jian-lai-jian-wo-zhe.jpg","足球教练在场边观察训练，背景有冰壶赛道图案","","从《孙子兵法》用间篇看体育情报战的反间执行策略",""
"C:\Users\san-20250514\aisunzibingfa\content\quotes\chapter-13-yong-jian\ci-bing-zhi-yao\index.md","front-matter","Cover","https://pub-f9d6c3356fb44ce0b1e0f09cb4ddf49a.r2.dev/quotes/chapter-13-yong-jian/ci-bing-zhi-yao.jpg","教练团队在赛后复盘中回看比赛录像与情报记录","","情报是竞技行动的起点，复盘要逐层回查情报链是否失真。",""
"C:\Users\san-20250514\aisunzibingfa\content\quotes\chapter-13-yong-jian\fan-jian-zhe-yin-qi-di-jian\index.md","front-matter","Cover","https://pub-f9d6c3356fb44ce0b1e0f09cb4ddf49a.r2.dev/quotes/chapter-13-yong-jian/fan-jian-zhe-yin-qi-di-jian.jpg","篮球教练在训练场布置战术，场边有对手球探观察","","体育竞技中的反间策略：识别对手情报收集行为，主动释放假信息，诱导对手做出错误赛前部署。",""
"C:\Users\san-20250514\aisunzibingfa\content\quotes\chapter-13-yong-jian\fan-xing-shi-shi-wan\index.md","front-matter","Cover","https://pub-f9d6c3356fb44ce0b1e0f09cb4ddf49a.r2.dev/quotes/chapter-13-yong-jian/fan-xing-shi-shi-wan.jpg","马拉松跑者在城市道路上训练，背景是训练装备与计时器","","训练投入超出生活承载力时，竞技表现与生活秩序会同时受损。",""
"C:\Users\san-20250514\aisunzibingfa\content\quotes\chapter-13-yong-jian\fei-sheng-zhi-bu-neng-yong-jian\index.md","front-matter","Cover","https://pub-f9d6c3356fb44ce0b1e0f09cb4ddf49a.r2.dev/quotes/chapter-13-yong-jian/fei-sheng-zhi-bu-neng-yong-jian.jpg","主教练与分析师在赛前查看对手情报数据","","主教练对情报的信任与精细提炼，决定战术能否落地。",""
"C:\Users\san-20250514\aisunzibingfa\content\quotes\chapter-13-yong-jian\gu-ming-jun-xian-jiang\index.md","front-matter","Cover","https://pub-f9d6c3356fb44ce0b1e0f09cb4ddf49a.r2.dev/quotes/chapter-13-yong-jian/gu-ming-jun-xian-jiang.jpg","古代兵法竹简与现代体育赛场情报分析对比图","","《孙子兵法》「先知」思想在体育竞技中的战略应用",""
"C:\Users\san-20250514\aisunzibingfa\content\quotes\chapter-13-yong-jian\gu-san-jun-zhi-shi\index.md","front-matter","Cover","https://pub-f9d6c3356fb44ce0b1e0f09cb4ddf49a.r2.dev/quotes/chapter-13-yong-jian/gu-san-jun-zhi-shi.jpg","体育战术分析师与主教练在赛场边直接沟通，体现情报链的信任与机密","","情报传递链越短，信任越深，保密越严，决策依据越可靠。",""
"C:\Users\san-20250514\aisunzibingfa\content\quotes\chapter-13-yong-jian\gu-yong-jian-you-wu\index.md","front-matter","Cover","https://pub-f9d6c3356fb44ce0b1e0f09cb4ddf49a.r2.dev/quotes/chapter-13-yong-jian/gu-yong-jian-you-wu.jpg","冰壶运动员在赛前观察对手投壶路线与冰面阅读习惯","","冰壶比赛中，赛前对对手投壶习惯、冰面阅读方式与沟通模式的多源情报收集，是制定战术的基础。",""
"C:\Users\san-20250514\aisunzibingfa\content\quotes\chapter-13-yong-jian\jian-shi-wei-fa\index.md","front-matter","Cover","https://pub-f9d6c3356fb44ce0b1e0f09cb4ddf49a.r2.dev/quotes/chapter-13-yong-jian/jian-shi-wei-fa.jpg","短道速滑运动员在比赛中执行战术，体现信息保密与执行纪律","","信息保密是执行纪律的生死线，泄露即失败。",""
"C:\Users\san-20250514\aisunzibingfa\content\quotes\chapter-13-yong-jian\sheng-jian-zhe-fan-bao-ye\index.md","front-matter","Cover","https://pub-f9d6c3356fb44ce0b1e0f09cb4ddf49a.r2.dev/quotes/chapter-13-yong-jian/sheng-jian-zhe-fan-bao-ye.jpg","体育教练在场边观察对手热身并记录情报","","生间行动的关键不只在派出，更在于安全返回并输出可验证的情报。",""
"C:\Users\san-20250514\aisunzibingfa\content\quotes\chapter-13-yong-jian\si-jian-zhe-wei-kuang-shi-yu-wai\index.md","front-matter","Cover","https://pub-f9d6c3356fb44ce0b1e0f09cb4ddf49a.r2.dev/quotes/chapter-13-yong-jian/si-jian-zhe-wei-kuang-shi-yu-wai.jpg","短道速滑选手在赛前训练中故意保留实力释放虚假状态信号","","死间者，为诳事于外——赛前主动释放假信号，诱使对手做出错误判断",""
"C:\Users\san-20250514\aisunzibingfa\content\quotes\chapter-13-yong-jian\wei-zai-wei-zai\index.md","front-matter","Cover","https://pub-f9d6c3356fb44ce0b1e0f09cb4ddf49a.r2.dev/quotes/chapter-13-yong-jian/wei-zai-wei-zai.jpg","竞技体育中的情报收集与战略预判示意图","","从称重表情到训练录像，每一个细节都是战略情报的来源。",""
"C:\Users\san-20250514\aisunzibingfa\content\quotes\chapter-13-yong-jian\wu-jian-ju-qi\index.md","front-matter","Cover","https://pub-f9d6c3356fb44ce0b1e0f09cb4ddf49a.r2.dev/quotes/chapter-13-yong-jian/wu-jian-ju-qi.jpg","多源情报并行收集示意图，展示体育竞技中五间俱起的战略应用","","多源情报并行，使对手无法锁定真实重点，只能分散应对。",""
"C:\Users\san-20250514\aisunzibingfa\content\quotes\chapter-13-yong-jian\wu-jian-zhi-shi-zhu-bi-zhi-zhi\index.md","front-matter","Cover","https://pub-f9d6c3356fb44ce0b1e0f09cb4ddf49a.r2.dev/quotes/chapter-13-yong-jian/wu-jian-zhi-shi-zhu-bi-zhi-zhi.jpg","篮球教练与分析师在赛后复盘比赛录像并核对情报台账","","复盘不只是看录像，更要核对五类情报来源，重点分析对手内部信号。",""
"C:\Users\san-20250514\aisunzibingfa\content\quotes\chapter-13-yong-jian\xi-yin-zhi-xing-ye\index.md","front-matter","Cover","https://pub-f9d6c3356fb44ce0b1e0f09cb4ddf49a.r2.dev/quotes/chapter-13-yong-jian/xi-yin-zhi-xing-ye.jpg","短道速滑选手在弯道处观察对手位置，体现复盘与情报预判","","从伊尹、吕牙到现代竞技，高认知情报源决定复盘深度。",""
"C:\Users\san-20250514\aisunzibingfa\content\quotes\chapter-13-yong-jian\xian-zhi-zhe-bu-ke-qu-yu-gui-shen\index.md","front-matter","Cover","https://pub-f9d6c3356fb44ce0b1e0f09cb4ddf49a.r2.dev/quotes/chapter-13-yong-jian/xian-zhi-zhe-bu-ke-qu-yu-gui-shen.jpg","拳击手在赛前观看对手完整比赛录像进行情报复盘","","赛前情报必须来自真实对手数据，而非主观推测。",""
"C:\Users\san-20250514\aisunzibingfa\content\quotes\chapter-13-yong-jian\xiang-shou-shu-nian\index.md","front-matter","Cover","https://pub-f9d6c3356fb44ce0b1e0f09cb4ddf49a.r2.dev/quotes/chapter-13-yong-jian/xiang-shou-shu-nian.jpg","短道速滑选手在弯道处观察对手位置，体现情报与资源约束下的竞技决策","","长期备战中，情报投入是决定临场先手的关键资源分配。",""
"C:\Users\san-20250514\aisunzibingfa\content\quotes\chapter-13-yong-jian\yin-jian-zhe-yin-qi-xiang-ren\index.md","front-matter","Cover","https://pub-f9d6c3356fb44ce0b1e0f09cb4ddf49a.r2.dev/quotes/chapter-13-yong-jian/yin-jian-zhe-yin-qi-xiang-ren.jpg","体育竞技中的情报收集与战略分析","","利用对手内部人员获取情报，是竞技战略的重要一环。",""
"C:\Users\san-20250514\aisunzibingfa\content\quotes\chapter-13-yong-jian\yin-shi-er-zhi-zhi-gu-sheng-jian\index.md","front-matter","Cover","https://pub-f9d6c3356fb44ce0b1e0f09cb4ddf49a.r2.dev/quotes/chapter-13-yong-jian/yin-shi-er-zhi-zhi-gu-sheng-jian.jpg","短道速滑运动员在赛前观察对手训练，体现反间与生间的情报执行链条","","反间提供时间锚点，生间按期回收情报，执行链条环环相扣。",""
"C:\Users\san-20250514\aisunzibingfa\content\quotes\chapter-13-yong-jian\yin-shi-er-zhi-zhi-gu-si-jian\index.md","front-matter","Cover","https://pub-f9d6c3356fb44ce0b1e0f09cb4ddf49a.r2.dev/quotes/chapter-13-yong-jian/yin-shi-er-zhi-zhi-gu-si-jian.jpg","短道速滑选手在弯道处观察对手位置，体现情报诱饵与执行欺骗的竞技场景","","死间之术在竞技执行层表现为：先掌握对手判断习惯，再释放可被验证的假信号。",""
"C:\Users\san-20250514\aisunzibingfa\content\quotes\chapter-13-yong-jian\yin-shi-er-zhi-zhi-gu-xiang-jian\index.md","front-matter","Cover","https://pub-f9d6c3356fb44ce0b1e0f09cb4ddf49a.r2.dev/quotes/chapter-13-yong-jian/yin-shi-er-zhi-zhi-gu-xiang-jian.jpg","短道速滑选手在比赛中观察对手动态，体现情报收集与执行决策","","反间突破是激活其他情报渠道的前提，执行顺序决定情报链的可靠性与时效性。",""
